	Vector time	askoe.small_pv.system.generation.15m
1	15.08.2022 00:00:00	0
2	15.08.2022 00:15:00	
3	15.08.2022 00:30:00	0
4	15.08.2022 00:45:00	
5	15.08.2022 01:00:00	0
6	15.08.2022 01:15:00	
7	15.08.2022 01:30:00	0
8	15.08.2022 01:45:00	
9	15.08.2022 02:00:00	0
10	15.08.2022 02:15:00	
11	15.08.2022 02:30:00	0
12	15.08.2022 02:45:00	
13	15.08.2022 03:00:00	0
14	15.08.2022 03:15:00	
15	15.08.2022 03:30:00	0
16	15.08.2022 03:45:00	
17	15.08.2022 04:00:00	0
18	15.08.2022 04:15:00	
19	15.08.2022 04:30:00	0
20	15.08.2022 04:45:00	
21	15.08.2022 05:00:00	0
22	15.08.2022 05:15:00	
23	15.08.2022 05:30:00	0
24	15.08.2022 05:45:00	
25	15.08.2022 06:00:00	14
26	15.08.2022 06:15:00	
27	15.08.2022 06:30:00	107
28	15.08.2022 06:45:00	
29	15.08.2022 07:00:00	2 730
30	15.08.2022 07:15:00	
31	15.08.2022 07:30:00	3 489
32	15.08.2022 07:45:00	
33	15.08.2022 08:00:00	6 852
34	15.08.2022 08:15:00	
35	15.08.2022 08:30:00	7 412
36	15.08.2022 08:45:00	
37	15.08.2022 09:00:00	10 826
38	15.08.2022 09:15:00	
39	15.08.2022 09:30:00	11 564
40	15.08.2022 09:45:00	
41	15.08.2022 10:00:00	11 390
42	15.08.2022 10:15:00	
43	15.08.2022 10:30:00	10 954
44	15.08.2022 10:45:00	
45	15.08.2022 11:00:00	13 001
46	15.08.2022 11:15:00	
47	15.08.2022 11:30:00	13 532
48	15.08.2022 11:45:00	
49	15.08.2022 12:00:00	19 424
50	15.08.2022 12:15:00	
51	15.08.2022 12:30:00	20 580
52	15.08.2022 12:45:00	
53	15.08.2022 13:00:00	28 132
54	15.08.2022 13:15:00	
55	15.08.2022 13:30:00	29 159
56	15.08.2022 13:45:00	
57	15.08.2022 14:00:00	34 058
58	15.08.2022 14:15:00	
59	15.08.2022 14:30:00	35 521
60	15.08.2022 14:45:00	
61	15.08.2022 15:00:00	32 063
62	15.08.2022 15:15:00	
63	15.08.2022 15:30:00	31 630
64	15.08.2022 15:45:00	
65	15.08.2022 16:00:00	24 809
66	15.08.2022 16:15:00	
67	15.08.2022 16:30:00	22 901
68	15.08.2022 16:45:00	
69	15.08.2022 17:00:00	15 419
70	15.08.2022 17:15:00	
71	15.08.2022 17:30:00	14 126
72	15.08.2022 17:45:00	
73	15.08.2022 18:00:00	8 045
74	15.08.2022 18:15:00	
75	15.08.2022 18:30:00	7 360
76	15.08.2022 18:45:00	
77	15.08.2022 19:00:00	2 976
78	15.08.2022 19:15:00	
79	15.08.2022 19:30:00	2 507
80	15.08.2022 19:45:00	
81	15.08.2022 20:00:00	69
82	15.08.2022 20:15:00	
83	15.08.2022 20:30:00	0
84	15.08.2022 20:45:00	
85	15.08.2022 21:00:00	0
86	15.08.2022 21:15:00	
87	15.08.2022 21:30:00	0
88	15.08.2022 21:45:00	
89	15.08.2022 22:00:00	0
90	15.08.2022 22:15:00	
91	15.08.2022 22:30:00	0
92	15.08.2022 22:45:00	
93	15.08.2022 23:00:00	0
94	15.08.2022 23:15:00	
95	15.08.2022 23:30:00	0
96	15.08.2022 23:45:00	
97	16.08.2022 00:00:00	0
98	16.08.2022 00:15:00	
99	16.08.2022 00:30:00	0
100	16.08.2022 00:45:00	
101	16.08.2022 01:00:00	0
102	16.08.2022 01:15:00	
103	16.08.2022 01:30:00	0
104	16.08.2022 01:45:00	
105	16.08.2022 02:00:00	0
106	16.08.2022 02:15:00	
107	16.08.2022 02:30:00	0
108	16.08.2022 02:45:00	
109	16.08.2022 03:00:00	0
110	16.08.2022 03:15:00	
111	16.08.2022 03:30:00	0
112	16.08.2022 03:45:00	
113	16.08.2022 04:00:00	0
114	16.08.2022 04:15:00	
115	16.08.2022 04:30:00	0
116	16.08.2022 04:45:00	
117	16.08.2022 05:00:00	0
118	16.08.2022 05:15:00	
119	16.08.2022 05:30:00	0
120	16.08.2022 05:45:00	
121	16.08.2022 06:00:00	0
122	16.08.2022 06:15:00	
123	16.08.2022 06:30:00	2
124	16.08.2022 06:45:00	
125	16.08.2022 07:00:00	977
126	16.08.2022 07:15:00	
127	16.08.2022 07:30:00	1 366
128	16.08.2022 07:45:00	
129	16.08.2022 08:00:00	2 614
130	16.08.2022 08:15:00	
131	16.08.2022 08:30:00	3 035
132	16.08.2022 08:45:00	
133	16.08.2022 09:00:00	3 638
134	16.08.2022 09:15:00	
135	16.08.2022 09:30:00	3 918
136	16.08.2022 09:45:00	
137	16.08.2022 10:00:00	4 376
138	16.08.2022 10:15:00	
139	16.08.2022 10:30:00	4 309
140	16.08.2022 10:45:00	
141	16.08.2022 11:00:00	7 145
142	16.08.2022 11:15:00	
143	16.08.2022 11:30:00	7 563
144	16.08.2022 11:45:00	
145	16.08.2022 12:00:00	11 936
146	16.08.2022 12:15:00	
147	16.08.2022 12:30:00	12 103
148	16.08.2022 12:45:00	
149	16.08.2022 13:00:00	20 322
150	16.08.2022 13:15:00	
151	16.08.2022 13:30:00	21 705
152	16.08.2022 13:45:00	
153	16.08.2022 14:00:00	26 649
154	16.08.2022 14:15:00	
155	16.08.2022 14:30:00	27 253
156	16.08.2022 14:45:00	
157	16.08.2022 15:00:00	23 360
158	16.08.2022 15:15:00	
159	16.08.2022 15:30:00	21 156
160	16.08.2022 15:45:00	
161	16.08.2022 16:00:00	12 837
162	16.08.2022 16:15:00	
163	16.08.2022 16:30:00	11 303
164	16.08.2022 16:45:00	
165	16.08.2022 17:00:00	2 351
166	16.08.2022 17:15:00	
167	16.08.2022 17:30:00	2 272
168	16.08.2022 17:45:00	
169	16.08.2022 18:00:00	1 325
170	16.08.2022 18:15:00	
171	16.08.2022 18:30:00	1 679
172	16.08.2022 18:45:00	
173	16.08.2022 19:00:00	1 273
174	16.08.2022 19:15:00	
175	16.08.2022 19:30:00	936
176	16.08.2022 19:45:00	
177	16.08.2022 20:00:00	0
178	16.08.2022 20:15:00	
179	16.08.2022 20:30:00	0
180	16.08.2022 20:45:00	
181	16.08.2022 21:00:00	0
182	16.08.2022 21:15:00	
183	16.08.2022 21:30:00	0
184	16.08.2022 21:45:00	
185	16.08.2022 22:00:00	0
186	16.08.2022 22:15:00	
187	16.08.2022 22:30:00	0
188	16.08.2022 22:45:00	
189	16.08.2022 23:00:00	0
190	16.08.2022 23:15:00	
191	16.08.2022 23:30:00	0
192	16.08.2022 23:45:00	
193	17.08.2022 00:00:00	0
194	17.08.2022 00:15:00	
195	17.08.2022 00:30:00	0
196	17.08.2022 00:45:00	
197	17.08.2022 01:00:00	0
198	17.08.2022 01:15:00	
199	17.08.2022 01:30:00	0
200	17.08.2022 01:45:00	
201	17.08.2022 02:00:00	0
202	17.08.2022 02:15:00	
203	17.08.2022 02:30:00	0
204	17.08.2022 02:45:00	
205	17.08.2022 03:00:00	0
206	17.08.2022 03:15:00	
207	17.08.2022 03:30:00	0
208	17.08.2022 03:45:00	
209	17.08.2022 04:00:00	0
210	17.08.2022 04:15:00	
211	17.08.2022 04:30:00	0
212	17.08.2022 04:45:00	
213	17.08.2022 05:00:00	0
214	17.08.2022 05:15:00	
215	17.08.2022 05:30:00	0
216	17.08.2022 05:45:00	
217	17.08.2022 06:00:00	0
218	17.08.2022 06:15:00	
219	17.08.2022 06:30:00	0
220	17.08.2022 06:45:00	
221	17.08.2022 07:00:00	978
222	17.08.2022 07:15:00	
223	17.08.2022 07:30:00	1 177
224	17.08.2022 07:45:00	
225	17.08.2022 08:00:00	2 883
226	17.08.2022 08:15:00	
227	17.08.2022 08:30:00	3 075
228	17.08.2022 08:45:00	
229	17.08.2022 09:00:00	5 905
230	17.08.2022 09:15:00	
231	17.08.2022 09:30:00	6 353
232	17.08.2022 09:45:00	
233	17.08.2022 10:00:00	7 949
234	17.08.2022 10:15:00	
235	17.08.2022 10:30:00	7 845
236	17.08.2022 10:45:00	
237	17.08.2022 11:00:00	9 211
238	17.08.2022 11:15:00	
239	17.08.2022 11:30:00	9 611
240	17.08.2022 11:45:00	
241	17.08.2022 12:00:00	11 772
242	17.08.2022 12:15:00	
243	17.08.2022 12:30:00	13 257
244	17.08.2022 12:45:00	
245	17.08.2022 13:00:00	17 822
246	17.08.2022 13:15:00	
247	17.08.2022 13:30:00	17 634
248	17.08.2022 13:45:00	
249	17.08.2022 14:00:00	19 504
250	17.08.2022 14:15:00	
251	17.08.2022 14:30:00	20 195
252	17.08.2022 14:45:00	
253	17.08.2022 15:00:00	21 361
254	17.08.2022 15:15:00	
255	17.08.2022 15:30:00	21 692
256	17.08.2022 15:45:00	
257	17.08.2022 16:00:00	18 903
258	17.08.2022 16:15:00	
259	17.08.2022 16:30:00	18 057
260	17.08.2022 16:45:00	
261	17.08.2022 17:00:00	12 082
262	17.08.2022 17:15:00	
263	17.08.2022 17:30:00	11 384
264	17.08.2022 17:45:00	
265	17.08.2022 18:00:00	5 885
266	17.08.2022 18:15:00	
267	17.08.2022 18:30:00	5 280
268	17.08.2022 18:45:00	
269	17.08.2022 19:00:00	1 585
270	17.08.2022 19:15:00	
271	17.08.2022 19:30:00	1 045
272	17.08.2022 19:45:00	
273	17.08.2022 20:00:00	0
274	17.08.2022 20:15:00	
275	17.08.2022 20:30:00	0
276	17.08.2022 20:45:00	
277	17.08.2022 21:00:00	0
278	17.08.2022 21:15:00	
279	17.08.2022 21:30:00	0
280	17.08.2022 21:45:00	
281	17.08.2022 22:00:00	0
282	17.08.2022 22:15:00	
283	17.08.2022 22:30:00	0
284	17.08.2022 22:45:00	
285	17.08.2022 23:00:00	0
286	17.08.2022 23:15:00	
287	17.08.2022 23:30:00	0
288	17.08.2022 23:45:00	
289	18.08.2022 00:00:00	0
290	18.08.2022 00:15:00	
291	18.08.2022 00:30:00	0
292	18.08.2022 00:45:00	
293	18.08.2022 01:00:00	0
294	18.08.2022 01:15:00	
295	18.08.2022 01:30:00	0
296	18.08.2022 01:45:00	
297	18.08.2022 02:00:00	0
298	18.08.2022 02:15:00	
299	18.08.2022 02:30:00	0
300	18.08.2022 02:45:00	
301	18.08.2022 03:00:00	0
302	18.08.2022 03:15:00	
303	18.08.2022 03:30:00	0
304	18.08.2022 03:45:00	
305	18.08.2022 04:00:00	0
306	18.08.2022 04:15:00	
307	18.08.2022 04:30:00	0
308	18.08.2022 04:45:00	
309	18.08.2022 05:00:00	0
310	18.08.2022 05:15:00	
311	18.08.2022 05:30:00	0
312	18.08.2022 05:45:00	
313	18.08.2022 06:00:00	0
314	18.08.2022 06:15:00	
315	18.08.2022 06:30:00	29
316	18.08.2022 06:45:00	
317	18.08.2022 07:00:00	1 888
318	18.08.2022 07:15:00	
319	18.08.2022 07:30:00	2 313
320	18.08.2022 07:45:00	
321	18.08.2022 08:00:00	5 985
322	18.08.2022 08:15:00	
323	18.08.2022 08:30:00	6 819
324	18.08.2022 08:45:00	
325	18.08.2022 09:00:00	14 368
326	18.08.2022 09:15:00	
327	18.08.2022 09:30:00	15 889
328	18.08.2022 09:45:00	
329	18.08.2022 10:00:00	24 381
330	18.08.2022 10:15:00	
331	18.08.2022 10:30:00	25 369
332	18.08.2022 10:45:00	
333	18.08.2022 11:00:00	30 300
334	18.08.2022 11:15:00	
335	18.08.2022 11:30:00	31 528
336	18.08.2022 11:45:00	
337	18.08.2022 12:00:00	35 070
338	18.08.2022 12:15:00	
339	18.08.2022 12:30:00	35 007
340	18.08.2022 12:45:00	
341	18.08.2022 13:00:00	35 662
342	18.08.2022 13:15:00	
343	18.08.2022 13:30:00	35 687
344	18.08.2022 13:45:00	
345	18.08.2022 14:00:00	35 328
346	18.08.2022 14:15:00	
347	18.08.2022 14:30:00	35 327
348	18.08.2022 14:45:00	
349	18.08.2022 15:00:00	34 381
350	18.08.2022 15:15:00	
351	18.08.2022 15:30:00	33 778
352	18.08.2022 15:45:00	
353	18.08.2022 16:00:00	28 989
354	18.08.2022 16:15:00	
355	18.08.2022 16:30:00	28 112
356	18.08.2022 16:45:00	
357	18.08.2022 17:00:00	21 018
358	18.08.2022 17:15:00	
359	18.08.2022 17:30:00	19 634
360	18.08.2022 17:45:00	
361	18.08.2022 18:00:00	11 129
362	18.08.2022 18:15:00	
363	18.08.2022 18:30:00	9 624
364	18.08.2022 18:45:00	
365	18.08.2022 19:00:00	2 858
366	18.08.2022 19:15:00	
367	18.08.2022 19:30:00	2 104
368	18.08.2022 19:45:00	
369	18.08.2022 20:00:00	0
370	18.08.2022 20:15:00	
371	18.08.2022 20:30:00	0
372	18.08.2022 20:45:00	
373	18.08.2022 21:00:00	0
374	18.08.2022 21:15:00	
375	18.08.2022 21:30:00	0
376	18.08.2022 21:45:00	
377	18.08.2022 22:00:00	0
378	18.08.2022 22:15:00	
379	18.08.2022 22:30:00	0
380	18.08.2022 22:45:00	
381	18.08.2022 23:00:00	0
382	18.08.2022 23:15:00	
383	18.08.2022 23:30:00	0
384	18.08.2022 23:45:00	
385	19.08.2022 00:00:00	0
386	19.08.2022 00:15:00	
387	19.08.2022 00:30:00	0
388	19.08.2022 00:45:00	
389	19.08.2022 01:00:00	0
390	19.08.2022 01:15:00	
391	19.08.2022 01:30:00	0
392	19.08.2022 01:45:00	
393	19.08.2022 02:00:00	0
394	19.08.2022 02:15:00	
395	19.08.2022 02:30:00	0
396	19.08.2022 02:45:00	
397	19.08.2022 03:00:00	0
398	19.08.2022 03:15:00	
399	19.08.2022 03:30:00	0
400	19.08.2022 03:45:00	
401	19.08.2022 04:00:00	0
402	19.08.2022 04:15:00	
403	19.08.2022 04:30:00	0
404	19.08.2022 04:45:00	
405	19.08.2022 05:00:00	0
406	19.08.2022 05:15:00	
407	19.08.2022 05:30:00	0
408	19.08.2022 05:45:00	
409	19.08.2022 06:00:00	85
410	19.08.2022 06:15:00	
411	19.08.2022 06:30:00	145
412	19.08.2022 06:45:00	
413	19.08.2022 07:00:00	2 558
414	19.08.2022 07:15:00	
415	19.08.2022 07:30:00	3 198
416	19.08.2022 07:45:00	
417	19.08.2022 08:00:00	9 440
418	19.08.2022 08:15:00	
419	19.08.2022 08:30:00	10 828
420	19.08.2022 08:45:00	
421	19.08.2022 09:00:00	20 256
422	19.08.2022 09:15:00	
423	19.08.2022 09:30:00	21 914
424	19.08.2022 09:45:00	
425	19.08.2022 10:00:00	30 429
426	19.08.2022 10:15:00	
427	19.08.2022 10:30:00	31 672
428	19.08.2022 10:45:00	
429	19.08.2022 11:00:00	37 335
430	19.08.2022 11:15:00	
431	19.08.2022 11:30:00	38 098
432	19.08.2022 11:45:00	
433	19.08.2022 12:00:00	40 895
434	19.08.2022 12:15:00	
435	19.08.2022 12:30:00	41 133
436	19.08.2022 12:45:00	
437	19.08.2022 13:00:00	41 189
438	19.08.2022 13:15:00	
439	19.08.2022 13:30:00	41 213
440	19.08.2022 13:45:00	
441	19.08.2022 14:00:00	40 293
442	19.08.2022 14:15:00	
443	19.08.2022 14:30:00	40 019
444	19.08.2022 14:45:00	
445	19.08.2022 15:00:00	37 128
446	19.08.2022 15:15:00	
447	19.08.2022 15:30:00	36 330
448	19.08.2022 15:45:00	
449	19.08.2022 16:00:00	30 880
450	19.08.2022 16:15:00	
451	19.08.2022 16:30:00	29 620
452	19.08.2022 16:45:00	
453	19.08.2022 17:00:00	22 070
454	19.08.2022 17:15:00	
455	19.08.2022 17:30:00	20 639
456	19.08.2022 17:45:00	
457	19.08.2022 18:00:00	11 466
458	19.08.2022 18:15:00	
459	19.08.2022 18:30:00	9 922
460	19.08.2022 18:45:00	
461	19.08.2022 19:00:00	2 893
462	19.08.2022 19:15:00	
463	19.08.2022 19:30:00	2 117
464	19.08.2022 19:45:00	
465	19.08.2022 20:00:00	0
466	19.08.2022 20:15:00	
467	19.08.2022 20:30:00	0
468	19.08.2022 20:45:00	
469	19.08.2022 21:00:00	0
470	19.08.2022 21:15:00	
471	19.08.2022 21:30:00	0
472	19.08.2022 21:45:00	
473	19.08.2022 22:00:00	0
474	19.08.2022 22:15:00	
475	19.08.2022 22:30:00	0
476	19.08.2022 22:45:00	
477	19.08.2022 23:00:00	0
478	19.08.2022 23:15:00	
479	19.08.2022 23:30:00	0
480	19.08.2022 23:45:00	
481	20.08.2022 00:00:00	0
482	20.08.2022 00:15:00	
483	20.08.2022 00:30:00	0
484	20.08.2022 00:45:00	
485	20.08.2022 01:00:00	0
486	20.08.2022 01:15:00	
487	20.08.2022 01:30:00	0
488	20.08.2022 01:45:00	
489	20.08.2022 02:00:00	0
490	20.08.2022 02:15:00	
491	20.08.2022 02:30:00	0
492	20.08.2022 02:45:00	
493	20.08.2022 03:00:00	0
494	20.08.2022 03:15:00	
495	20.08.2022 03:30:00	0
496	20.08.2022 03:45:00	
497	20.08.2022 04:00:00	0
498	20.08.2022 04:15:00	
499	20.08.2022 04:30:00	0
500	20.08.2022 04:45:00	
501	20.08.2022 05:00:00	0
502	20.08.2022 05:15:00	
503	20.08.2022 05:30:00	0
504	20.08.2022 05:45:00	
505	20.08.2022 06:00:00	144
506	20.08.2022 06:15:00	
507	20.08.2022 06:30:00	259
508	20.08.2022 06:45:00	
509	20.08.2022 07:00:00	2 765
510	20.08.2022 07:15:00	
511	20.08.2022 07:30:00	3 382
512	20.08.2022 07:45:00	
513	20.08.2022 08:00:00	9 496
514	20.08.2022 08:15:00	
515	20.08.2022 08:30:00	10 917
516	20.08.2022 08:45:00	
517	20.08.2022 09:00:00	20 083
518	20.08.2022 09:15:00	
519	20.08.2022 09:30:00	21 674
520	20.08.2022 09:45:00	
521	20.08.2022 10:00:00	29 638
522	20.08.2022 10:15:00	
523	20.08.2022 10:30:00	30 878
524	20.08.2022 10:45:00	
525	20.08.2022 11:00:00	37 038
526	20.08.2022 11:15:00	
527	20.08.2022 11:30:00	37 722
528	20.08.2022 11:45:00	
529	20.08.2022 12:00:00	39 981
530	20.08.2022 12:15:00	
531	20.08.2022 12:30:00	39 961
532	20.08.2022 12:45:00	
533	20.08.2022 13:00:00	38 669
534	20.08.2022 13:15:00	
535	20.08.2022 13:30:00	38 705
536	20.08.2022 13:45:00	
537	20.08.2022 14:00:00	37 350
538	20.08.2022 14:15:00	
539	20.08.2022 14:30:00	36 945
540	20.08.2022 14:45:00	
541	20.08.2022 15:00:00	34 607
542	20.08.2022 15:15:00	
543	20.08.2022 15:30:00	33 993
544	20.08.2022 15:45:00	
545	20.08.2022 16:00:00	28 498
546	20.08.2022 16:15:00	
547	20.08.2022 16:30:00	27 412
548	20.08.2022 16:45:00	
549	20.08.2022 17:00:00	19 215
550	20.08.2022 17:15:00	
551	20.08.2022 17:30:00	17 556
552	20.08.2022 17:45:00	
553	20.08.2022 18:00:00	8 645
554	20.08.2022 18:15:00	
555	20.08.2022 18:30:00	7 253
556	20.08.2022 18:45:00	
557	20.08.2022 19:00:00	1 734
558	20.08.2022 19:15:00	
559	20.08.2022 19:30:00	1 172
560	20.08.2022 19:45:00	
561	20.08.2022 20:00:00	0
562	20.08.2022 20:15:00	
563	20.08.2022 20:30:00	0
564	20.08.2022 20:45:00	
565	20.08.2022 21:00:00	0
566	20.08.2022 21:15:00	
567	20.08.2022 21:30:00	0
568	20.08.2022 21:45:00	
569	20.08.2022 22:00:00	0
570	20.08.2022 22:15:00	
571	20.08.2022 22:30:00	0
572	20.08.2022 22:45:00	
573	20.08.2022 23:00:00	0
574	20.08.2022 23:15:00	
575	20.08.2022 23:30:00	0
576	20.08.2022 23:45:00	
577	21.08.2022 00:00:00	0
578	21.08.2022 00:15:00	
579	21.08.2022 00:30:00	0
580	21.08.2022 00:45:00	
581	21.08.2022 01:00:00	0
582	21.08.2022 01:15:00	
583	21.08.2022 01:30:00	0
584	21.08.2022 01:45:00	
585	21.08.2022 02:00:00	0
586	21.08.2022 02:15:00	
587	21.08.2022 02:30:00	0
588	21.08.2022 02:45:00	
589	21.08.2022 03:00:00	0
590	21.08.2022 03:15:00	
591	21.08.2022 03:30:00	0
592	21.08.2022 03:45:00	
593	21.08.2022 04:00:00	0
594	21.08.2022 04:15:00	
595	21.08.2022 04:30:00	0
596	21.08.2022 04:45:00	
597	21.08.2022 05:00:00	0
598	21.08.2022 05:15:00	
599	21.08.2022 05:30:00	0
600	21.08.2022 05:45:00	
601	21.08.2022 06:00:00	105
602	21.08.2022 06:15:00	
603	21.08.2022 06:30:00	216
604	21.08.2022 06:45:00	
605	21.08.2022 07:00:00	2 573
606	21.08.2022 07:15:00	
607	21.08.2022 07:30:00	3 131
608	21.08.2022 07:45:00	
609	21.08.2022 08:00:00	7 097
610	21.08.2022 08:15:00	
611	21.08.2022 08:30:00	8 154
612	21.08.2022 08:45:00	
613	21.08.2022 09:00:00	12 097
614	21.08.2022 09:15:00	
615	21.08.2022 09:30:00	13 061
616	21.08.2022 09:45:00	
617	21.08.2022 10:00:00	18 737
618	21.08.2022 10:15:00	
619	21.08.2022 10:30:00	19 872
620	21.08.2022 10:45:00	
621	21.08.2022 11:00:00	23 525
622	21.08.2022 11:15:00	
623	21.08.2022 11:30:00	23 994
624	21.08.2022 11:45:00	
625	21.08.2022 12:00:00	29 808
626	21.08.2022 12:15:00	
627	21.08.2022 12:30:00	29 662
628	21.08.2022 12:45:00	
629	21.08.2022 13:00:00	32 503
630	21.08.2022 13:15:00	
631	21.08.2022 13:30:00	32 971
632	21.08.2022 13:45:00	
633	21.08.2022 14:00:00	35 176
634	21.08.2022 14:15:00	
635	21.08.2022 14:30:00	34 195
636	21.08.2022 14:45:00	
637	21.08.2022 15:00:00	31 510
638	21.08.2022 15:15:00	
639	21.08.2022 15:30:00	31 171
640	21.08.2022 15:45:00	
641	21.08.2022 16:00:00	19 474
642	21.08.2022 16:15:00	
643	21.08.2022 16:30:00	17 077
644	21.08.2022 16:45:00	
645	21.08.2022 17:00:00	10 002
646	21.08.2022 17:15:00	
647	21.08.2022 17:30:00	9 389
648	21.08.2022 17:45:00	
649	21.08.2022 18:00:00	4 730
650	21.08.2022 18:15:00	
651	21.08.2022 18:30:00	3 803
652	21.08.2022 18:45:00	
653	21.08.2022 19:00:00	892
654	21.08.2022 19:15:00	
655	21.08.2022 19:30:00	304
656	21.08.2022 19:45:00	
657	21.08.2022 20:00:00	0
658	21.08.2022 20:15:00	
659	21.08.2022 20:30:00	0
660	21.08.2022 20:45:00	
661	21.08.2022 21:00:00	0
662	21.08.2022 21:15:00	
663	21.08.2022 21:30:00	0
664	21.08.2022 21:45:00	
665	21.08.2022 22:00:00	0
666	21.08.2022 22:15:00	
667	21.08.2022 22:30:00	0
668	21.08.2022 22:45:00	
669	21.08.2022 23:00:00	0
670	21.08.2022 23:15:00	
671	21.08.2022 23:30:00	0
672	21.08.2022 23:45:00	
673	22.08.2022 00:00:00	0
674	22.08.2022 00:15:00	
675	22.08.2022 00:30:00	0
676	22.08.2022 00:45:00	
677	22.08.2022 01:00:00	0
678	22.08.2022 01:15:00	
679	22.08.2022 01:30:00	0
680	22.08.2022 01:45:00	
681	22.08.2022 02:00:00	0
682	22.08.2022 02:15:00	
683	22.08.2022 02:30:00	0
684	22.08.2022 02:45:00	
685	22.08.2022 03:00:00	0
686	22.08.2022 03:15:00	
687	22.08.2022 03:30:00	0
688	22.08.2022 03:45:00	
689	22.08.2022 04:00:00	0
690	22.08.2022 04:15:00	
691	22.08.2022 04:30:00	0
692	22.08.2022 04:45:00	
693	22.08.2022 05:00:00	0
694	22.08.2022 05:15:00	
695	22.08.2022 05:30:00	0
696	22.08.2022 05:45:00	
697	22.08.2022 06:00:00	23
698	22.08.2022 06:15:00	
699	22.08.2022 06:30:00	61
700	22.08.2022 06:45:00	
701	22.08.2022 07:00:00	2 400
702	22.08.2022 07:15:00	
703	22.08.2022 07:30:00	2 917
704	22.08.2022 07:45:00	
705	22.08.2022 08:00:00	5 790
706	22.08.2022 08:15:00	
707	22.08.2022 08:30:00	6 832
708	22.08.2022 08:45:00	
709	22.08.2022 09:00:00	11 670
710	22.08.2022 09:15:00	
711	22.08.2022 09:30:00	12 066
712	22.08.2022 09:45:00	
713	22.08.2022 10:00:00	20 615
714	22.08.2022 10:15:00	
715	22.08.2022 10:30:00	21 990
716	22.08.2022 10:45:00	
717	22.08.2022 11:00:00	28 741
718	22.08.2022 11:15:00	
719	22.08.2022 11:30:00	29 404
720	22.08.2022 11:45:00	
721	22.08.2022 12:00:00	35 705
722	22.08.2022 12:15:00	
723	22.08.2022 12:30:00	36 993
724	22.08.2022 12:45:00	
725	22.08.2022 13:00:00	39 786
726	22.08.2022 13:15:00	
727	22.08.2022 13:30:00	40 202
728	22.08.2022 13:45:00	
729	22.08.2022 14:00:00	37 530
730	22.08.2022 14:15:00	
731	22.08.2022 14:30:00	37 315
732	22.08.2022 14:45:00	
733	22.08.2022 15:00:00	29 057
734	22.08.2022 15:15:00	
735	22.08.2022 15:30:00	27 228
736	22.08.2022 15:45:00	
737	22.08.2022 16:00:00	19 738
738	22.08.2022 16:15:00	
739	22.08.2022 16:30:00	19 000
740	22.08.2022 16:45:00	
741	22.08.2022 17:00:00	13 999
742	22.08.2022 17:15:00	
743	22.08.2022 17:30:00	12 084
744	22.08.2022 17:45:00	
745	22.08.2022 18:00:00	3 843
746	22.08.2022 18:15:00	
747	22.08.2022 18:30:00	3 314
748	22.08.2022 18:45:00	
749	22.08.2022 19:00:00	724
750	22.08.2022 19:15:00	
751	22.08.2022 19:30:00	200
752	22.08.2022 19:45:00	
753	22.08.2022 20:00:00	0
754	22.08.2022 20:15:00	
755	22.08.2022 20:30:00	0
756	22.08.2022 20:45:00	
757	22.08.2022 21:00:00	0
758	22.08.2022 21:15:00	
759	22.08.2022 21:30:00	0
760	22.08.2022 21:45:00	
761	22.08.2022 22:00:00	0
762	22.08.2022 22:15:00	
763	22.08.2022 22:30:00	0
764	22.08.2022 22:45:00	
765	22.08.2022 23:00:00	0
766	22.08.2022 23:15:00	
767	22.08.2022 23:30:00	0
768	22.08.2022 23:45:00	
769	23.08.2022 00:00:00	0
770	23.08.2022 00:15:00	
771	23.08.2022 00:30:00	0
772	23.08.2022 00:45:00	
773	23.08.2022 01:00:00	0
774	23.08.2022 01:15:00	
775	23.08.2022 01:30:00	0
776	23.08.2022 01:45:00	
777	23.08.2022 02:00:00	0
778	23.08.2022 02:15:00	
779	23.08.2022 02:30:00	0
780	23.08.2022 02:45:00	
781	23.08.2022 03:00:00	0
782	23.08.2022 03:15:00	
783	23.08.2022 03:30:00	0
784	23.08.2022 03:45:00	
785	23.08.2022 04:00:00	0
786	23.08.2022 04:15:00	
787	23.08.2022 04:30:00	0
788	23.08.2022 04:45:00	
789	23.08.2022 05:00:00	0
790	23.08.2022 05:15:00	
791	23.08.2022 05:30:00	0
792	23.08.2022 05:45:00	
793	23.08.2022 06:00:00	0
794	23.08.2022 06:15:00	
795	23.08.2022 06:30:00	0
796	23.08.2022 06:45:00	
797	23.08.2022 07:00:00	1 329
798	23.08.2022 07:15:00	
799	23.08.2022 07:30:00	1 581
800	23.08.2022 07:45:00	
801	23.08.2022 08:00:00	3 517
802	23.08.2022 08:15:00	
803	23.08.2022 08:30:00	4 218
804	23.08.2022 08:45:00	
805	23.08.2022 09:00:00	6 380
806	23.08.2022 09:15:00	
807	23.08.2022 09:30:00	6 526
808	23.08.2022 09:45:00	
809	23.08.2022 10:00:00	12 038
810	23.08.2022 10:15:00	
811	23.08.2022 10:30:00	12 105
812	23.08.2022 10:45:00	
813	23.08.2022 11:00:00	21 498
814	23.08.2022 11:15:00	
815	23.08.2022 11:30:00	23 348
816	23.08.2022 11:45:00	
817	23.08.2022 12:00:00	31 397
818	23.08.2022 12:15:00	
819	23.08.2022 12:30:00	32 276
820	23.08.2022 12:45:00	
821	23.08.2022 13:00:00	35 870
822	23.08.2022 13:15:00	
823	23.08.2022 13:30:00	36 663
824	23.08.2022 13:45:00	
825	23.08.2022 14:00:00	37 289
826	23.08.2022 14:15:00	
827	23.08.2022 14:30:00	37 666
828	23.08.2022 14:45:00	
829	23.08.2022 15:00:00	34 786
830	23.08.2022 15:15:00	
831	23.08.2022 15:30:00	34 023
832	23.08.2022 15:45:00	
833	23.08.2022 16:00:00	27 451
834	23.08.2022 16:15:00	
835	23.08.2022 16:30:00	26 184
836	23.08.2022 16:45:00	
837	23.08.2022 17:00:00	17 407
838	23.08.2022 17:15:00	
839	23.08.2022 17:30:00	15 815
840	23.08.2022 17:45:00	
841	23.08.2022 18:00:00	7 139
842	23.08.2022 18:15:00	
843	23.08.2022 18:30:00	5 919
844	23.08.2022 18:45:00	
845	23.08.2022 19:00:00	1 087
846	23.08.2022 19:15:00	
847	23.08.2022 19:30:00	671
848	23.08.2022 19:45:00	
849	23.08.2022 20:00:00	0
850	23.08.2022 20:15:00	
851	23.08.2022 20:30:00	0
852	23.08.2022 20:45:00	
853	23.08.2022 21:00:00	0
854	23.08.2022 21:15:00	
855	23.08.2022 21:30:00	0
856	23.08.2022 21:45:00	
857	23.08.2022 22:00:00	0
858	23.08.2022 22:15:00	
859	23.08.2022 22:30:00	0
860	23.08.2022 22:45:00	
861	23.08.2022 23:00:00	0
862	23.08.2022 23:15:00	
863	23.08.2022 23:30:00	0
864	23.08.2022 23:45:00	
865	24.08.2022 00:00:00	0
866	24.08.2022 00:15:00	
867	24.08.2022 00:30:00	0
868	24.08.2022 00:45:00	
869	24.08.2022 01:00:00	0
870	24.08.2022 01:15:00	
871	24.08.2022 01:30:00	0
872	24.08.2022 01:45:00	
873	24.08.2022 02:00:00	0
874	24.08.2022 02:15:00	
875	24.08.2022 02:30:00	0
876	24.08.2022 02:45:00	
877	24.08.2022 03:00:00	0
878	24.08.2022 03:15:00	
879	24.08.2022 03:30:00	0
880	24.08.2022 03:45:00	
881	24.08.2022 04:00:00	0
882	24.08.2022 04:15:00	
883	24.08.2022 04:30:00	0
884	24.08.2022 04:45:00	
885	24.08.2022 05:00:00	0
886	24.08.2022 05:15:00	
887	24.08.2022 05:30:00	0
888	24.08.2022 05:45:00	
889	24.08.2022 06:00:00	21
890	24.08.2022 06:15:00	
891	24.08.2022 06:30:00	107
892	24.08.2022 06:45:00	
893	24.08.2022 07:00:00	1 836
894	24.08.2022 07:15:00	
895	24.08.2022 07:30:00	2 356
896	24.08.2022 07:45:00	
897	24.08.2022 08:00:00	5 285
898	24.08.2022 08:15:00	
899	24.08.2022 08:30:00	5 819
900	24.08.2022 08:45:00	
901	24.08.2022 09:00:00	8 807
902	24.08.2022 09:15:00	
903	24.08.2022 09:30:00	9 182
904	24.08.2022 09:45:00	
905	24.08.2022 10:00:00	16 846
906	24.08.2022 10:15:00	
907	24.08.2022 10:30:00	17 296
908	24.08.2022 10:45:00	
909	24.08.2022 11:00:00	25 895
910	24.08.2022 11:15:00	
911	24.08.2022 11:30:00	28 449
912	24.08.2022 11:45:00	
913	24.08.2022 12:00:00	34 042
914	24.08.2022 12:15:00	
915	24.08.2022 12:30:00	34 570
916	24.08.2022 12:45:00	
917	24.08.2022 13:00:00	39 324
918	24.08.2022 13:15:00	
919	24.08.2022 13:30:00	39 009
920	24.08.2022 13:45:00	
921	24.08.2022 14:00:00	40 133
922	24.08.2022 14:15:00	
923	24.08.2022 14:30:00	39 981
924	24.08.2022 14:45:00	
925	24.08.2022 15:00:00	35 656
926	24.08.2022 15:15:00	
927	24.08.2022 15:30:00	35 029
928	24.08.2022 15:45:00	
929	24.08.2022 16:00:00	26 676
930	24.08.2022 16:15:00	
931	24.08.2022 16:30:00	24 974
932	24.08.2022 16:45:00	
933	24.08.2022 17:00:00	17 836
934	24.08.2022 17:15:00	
935	24.08.2022 17:30:00	16 698
936	24.08.2022 17:45:00	
937	24.08.2022 18:00:00	9 290
938	24.08.2022 18:15:00	
939	24.08.2022 18:30:00	8 115
940	24.08.2022 18:45:00	
941	24.08.2022 19:00:00	2 059
942	24.08.2022 19:15:00	
943	24.08.2022 19:30:00	1 435
944	24.08.2022 19:45:00	
945	24.08.2022 20:00:00	0
946	24.08.2022 20:15:00	
947	24.08.2022 20:30:00	0
948	24.08.2022 20:45:00	
949	24.08.2022 21:00:00	0
950	24.08.2022 21:15:00	
951	24.08.2022 21:30:00	0
952	24.08.2022 21:45:00	
953	24.08.2022 22:00:00	0
954	24.08.2022 22:15:00	
955	24.08.2022 22:30:00	0
956	24.08.2022 22:45:00	
957	24.08.2022 23:00:00	0
958	24.08.2022 23:15:00	
959	24.08.2022 23:30:00	0
960	24.08.2022 23:45:00	
961	25.08.2022 00:00:00	0
962	25.08.2022 00:15:00	
963	25.08.2022 00:30:00	0
964	25.08.2022 00:45:00	
965	25.08.2022 01:00:00	0
966	25.08.2022 01:15:00	
967	25.08.2022 01:30:00	0
968	25.08.2022 01:45:00	
969	25.08.2022 02:00:00	0
970	25.08.2022 02:15:00	
971	25.08.2022 02:30:00	0
972	25.08.2022 02:45:00	
973	25.08.2022 03:00:00	0
974	25.08.2022 03:15:00	
975	25.08.2022 03:30:00	0
976	25.08.2022 03:45:00	
977	25.08.2022 04:00:00	0
978	25.08.2022 04:15:00	
979	25.08.2022 04:30:00	0
980	25.08.2022 04:45:00	
981	25.08.2022 05:00:00	0
982	25.08.2022 05:15:00	
983	25.08.2022 05:30:00	0
984	25.08.2022 05:45:00	
985	25.08.2022 06:00:00	0
986	25.08.2022 06:15:00	
987	25.08.2022 06:30:00	0
988	25.08.2022 06:45:00	
989	25.08.2022 07:00:00	2 302
990	25.08.2022 07:15:00	
991	25.08.2022 07:30:00	2 922
992	25.08.2022 07:45:00	
993	25.08.2022 08:00:00	8 954
994	25.08.2022 08:15:00	
995	25.08.2022 08:30:00	10 399
996	25.08.2022 08:45:00	
997	25.08.2022 09:00:00	20 098
998	25.08.2022 09:15:00	
999	25.08.2022 09:30:00	21 687
1000	25.08.2022 09:45:00	
1001	25.08.2022 10:00:00	30 180
1002	25.08.2022 10:15:00	
1003	25.08.2022 10:30:00	31 395
1004	25.08.2022 10:45:00	
1005	25.08.2022 11:00:00	37 341
1006	25.08.2022 11:15:00	
1007	25.08.2022 11:30:00	38 087
1008	25.08.2022 11:45:00	
1009	25.08.2022 12:00:00	40 787
1010	25.08.2022 12:15:00	
1011	25.08.2022 12:30:00	41 265
1012	25.08.2022 12:45:00	
1013	25.08.2022 13:00:00	42 470
1014	25.08.2022 13:15:00	
1015	25.08.2022 13:30:00	42 521
1016	25.08.2022 13:45:00	
1017	25.08.2022 14:00:00	42 195
1018	25.08.2022 14:15:00	
1019	25.08.2022 14:30:00	41 797
1020	25.08.2022 14:45:00	
1021	25.08.2022 15:00:00	38 549
1022	25.08.2022 15:15:00	
1023	25.08.2022 15:30:00	37 757
1024	25.08.2022 15:45:00	
1025	25.08.2022 16:00:00	31 684
1026	25.08.2022 16:15:00	
1027	25.08.2022 16:30:00	30 538
1028	25.08.2022 16:45:00	
1029	25.08.2022 17:00:00	22 088
1030	25.08.2022 17:15:00	
1031	25.08.2022 17:30:00	20 543
1032	25.08.2022 17:45:00	
1033	25.08.2022 18:00:00	10 662
1034	25.08.2022 18:15:00	
1035	25.08.2022 18:30:00	9 123
1036	25.08.2022 18:45:00	
1037	25.08.2022 19:00:00	2 038
1038	25.08.2022 19:15:00	
1039	25.08.2022 19:30:00	1 309
1040	25.08.2022 19:45:00	
1041	25.08.2022 20:00:00	0
1042	25.08.2022 20:15:00	
1043	25.08.2022 20:30:00	0
1044	25.08.2022 20:45:00	
1045	25.08.2022 21:00:00	0
1046	25.08.2022 21:15:00	
1047	25.08.2022 21:30:00	0
1048	25.08.2022 21:45:00	
1049	25.08.2022 22:00:00	0
1050	25.08.2022 22:15:00	
1051	25.08.2022 22:30:00	0
1052	25.08.2022 22:45:00	
1053	25.08.2022 23:00:00	0
1054	25.08.2022 23:15:00	
1055	25.08.2022 23:30:00	0
1056	25.08.2022 23:45:00	
1057	26.08.2022 00:00:00	0
1058	26.08.2022 00:15:00	
1059	26.08.2022 00:30:00	0
1060	26.08.2022 00:45:00	
1061	26.08.2022 01:00:00	0
1062	26.08.2022 01:15:00	
1063	26.08.2022 01:30:00	0
1064	26.08.2022 01:45:00	
1065	26.08.2022 02:00:00	0
1066	26.08.2022 02:15:00	
1067	26.08.2022 02:30:00	0
1068	26.08.2022 02:45:00	
1069	26.08.2022 03:00:00	0
1070	26.08.2022 03:15:00	
1071	26.08.2022 03:30:00	0
1072	26.08.2022 03:45:00	
1073	26.08.2022 04:00:00	0
1074	26.08.2022 04:15:00	
1075	26.08.2022 04:30:00	0
1076	26.08.2022 04:45:00	
1077	26.08.2022 05:00:00	0
1078	26.08.2022 05:15:00	
1079	26.08.2022 05:30:00	0
1080	26.08.2022 05:45:00	
1081	26.08.2022 06:00:00	0
1082	26.08.2022 06:15:00	
1083	26.08.2022 06:30:00	22
1084	26.08.2022 06:45:00	
1085	26.08.2022 07:00:00	2 293
1086	26.08.2022 07:15:00	
1087	26.08.2022 07:30:00	2 970
1088	26.08.2022 07:45:00	
1089	26.08.2022 08:00:00	9 705
1090	26.08.2022 08:15:00	
1091	26.08.2022 08:30:00	11 231
1092	26.08.2022 08:45:00	
1093	26.08.2022 09:00:00	21 214
1094	26.08.2022 09:15:00	
1095	26.08.2022 09:30:00	22 838
1096	26.08.2022 09:45:00	
1097	26.08.2022 10:00:00	31 357
1098	26.08.2022 10:15:00	
1099	26.08.2022 10:30:00	32 502
1100	26.08.2022 10:45:00	
1101	26.08.2022 11:00:00	38 410
1102	26.08.2022 11:15:00	
1103	26.08.2022 11:30:00	39 078
1104	26.08.2022 11:45:00	
1105	26.08.2022 12:00:00	41 881
1106	26.08.2022 12:15:00	
1107	26.08.2022 12:30:00	42 125
1108	26.08.2022 12:45:00	
1109	26.08.2022 13:00:00	42 891
1110	26.08.2022 13:15:00	
1111	26.08.2022 13:30:00	42 872
1112	26.08.2022 13:45:00	
1113	26.08.2022 14:00:00	41 190
1114	26.08.2022 14:15:00	
1115	26.08.2022 14:30:00	40 314
1116	26.08.2022 14:45:00	
1117	26.08.2022 15:00:00	36 315
1118	26.08.2022 15:15:00	
1119	26.08.2022 15:30:00	35 196
1120	26.08.2022 15:45:00	
1121	26.08.2022 16:00:00	28 539
1122	26.08.2022 16:15:00	
1123	26.08.2022 16:30:00	27 472
1124	26.08.2022 16:45:00	
1125	26.08.2022 17:00:00	18 688
1126	26.08.2022 17:15:00	
1127	26.08.2022 17:30:00	16 931
1128	26.08.2022 17:45:00	
1129	26.08.2022 18:00:00	7 891
1130	26.08.2022 18:15:00	
1131	26.08.2022 18:30:00	7 044
1132	26.08.2022 18:45:00	
1133	26.08.2022 19:00:00	1 535
1134	26.08.2022 19:15:00	
1135	26.08.2022 19:30:00	971
1136	26.08.2022 19:45:00	
1137	26.08.2022 20:00:00	0
1138	26.08.2022 20:15:00	
1139	26.08.2022 20:30:00	0
1140	26.08.2022 20:45:00	
1141	26.08.2022 21:00:00	0
1142	26.08.2022 21:15:00	
1143	26.08.2022 21:30:00	0
1144	26.08.2022 21:45:00	
1145	26.08.2022 22:00:00	0
1146	26.08.2022 22:15:00	
1147	26.08.2022 22:30:00	0
1148	26.08.2022 22:45:00	
1149	26.08.2022 23:00:00	0
1150	26.08.2022 23:15:00	
1151	26.08.2022 23:30:00	0
1152	26.08.2022 23:45:00	
1153	27.08.2022 00:00:00	0
1154	27.08.2022 00:15:00	
1155	27.08.2022 00:30:00	0
1156	27.08.2022 00:45:00	
1157	27.08.2022 01:00:00	0
1158	27.08.2022 01:15:00	
1159	27.08.2022 01:30:00	0
1160	27.08.2022 01:45:00	
1161	27.08.2022 02:00:00	0
1162	27.08.2022 02:15:00	
1163	27.08.2022 02:30:00	0
1164	27.08.2022 02:45:00	
1165	27.08.2022 03:00:00	0
1166	27.08.2022 03:15:00	
1167	27.08.2022 03:30:00	0
1168	27.08.2022 03:45:00	
1169	27.08.2022 04:00:00	0
1170	27.08.2022 04:15:00	
1171	27.08.2022 04:30:00	0
1172	27.08.2022 04:45:00	
1173	27.08.2022 05:00:00	0
1174	27.08.2022 05:15:00	
1175	27.08.2022 05:30:00	0
1176	27.08.2022 05:45:00	
1177	27.08.2022 06:00:00	0
1178	27.08.2022 06:15:00	
1179	27.08.2022 06:30:00	0
1180	27.08.2022 06:45:00	
1181	27.08.2022 07:00:00	1 992
1182	27.08.2022 07:15:00	
1183	27.08.2022 07:30:00	2 619
1184	27.08.2022 07:45:00	
1185	27.08.2022 08:00:00	8 543
1186	27.08.2022 08:15:00	
1187	27.08.2022 08:30:00	9 875
1188	27.08.2022 08:45:00	
1189	27.08.2022 09:00:00	19 086
1190	27.08.2022 09:15:00	
1191	27.08.2022 09:30:00	20 619
1192	27.08.2022 09:45:00	
1193	27.08.2022 10:00:00	29 317
1194	27.08.2022 10:15:00	
1195	27.08.2022 10:30:00	30 821
1196	27.08.2022 10:45:00	
1197	27.08.2022 11:00:00	37 042
1198	27.08.2022 11:15:00	
1199	27.08.2022 11:30:00	37 714
1200	27.08.2022 11:45:00	
1201	27.08.2022 12:00:00	41 489
1202	27.08.2022 12:15:00	
1203	27.08.2022 12:30:00	41 812
1204	27.08.2022 12:45:00	
1205	27.08.2022 13:00:00	42 377
1206	27.08.2022 13:15:00	
1207	27.08.2022 13:30:00	42 003
1208	27.08.2022 13:45:00	
1209	27.08.2022 14:00:00	40 929
1210	27.08.2022 14:15:00	
1211	27.08.2022 14:30:00	41 141
1212	27.08.2022 14:45:00	
1213	27.08.2022 15:00:00	37 618
1214	27.08.2022 15:15:00	
1215	27.08.2022 15:30:00	36 793
1216	27.08.2022 15:45:00	
1217	27.08.2022 16:00:00	30 654
1218	27.08.2022 16:15:00	
1219	27.08.2022 16:30:00	29 324
1220	27.08.2022 16:45:00	
1221	27.08.2022 17:00:00	20 686
1222	27.08.2022 17:15:00	
1223	27.08.2022 17:30:00	19 220
1224	27.08.2022 17:45:00	
1225	27.08.2022 18:00:00	9 679
1226	27.08.2022 18:15:00	
1227	27.08.2022 18:30:00	8 154
1228	27.08.2022 18:45:00	
1229	27.08.2022 19:00:00	1 890
1230	27.08.2022 19:15:00	
1231	27.08.2022 19:30:00	1 265
1232	27.08.2022 19:45:00	
1233	27.08.2022 20:00:00	0
1234	27.08.2022 20:15:00	
1235	27.08.2022 20:30:00	0
1236	27.08.2022 20:45:00	
1237	27.08.2022 21:00:00	0
1238	27.08.2022 21:15:00	
1239	27.08.2022 21:30:00	0
1240	27.08.2022 21:45:00	
1241	27.08.2022 22:00:00	0
1242	27.08.2022 22:15:00	
1243	27.08.2022 22:30:00	0
1244	27.08.2022 22:45:00	
1245	27.08.2022 23:00:00	0
1246	27.08.2022 23:15:00	
1247	27.08.2022 23:30:00	0
1248	27.08.2022 23:45:00	
1249	28.08.2022 00:00:00	0
1250	28.08.2022 00:15:00	
1251	28.08.2022 00:30:00	0
1252	28.08.2022 00:45:00	
1253	28.08.2022 01:00:00	0
1254	28.08.2022 01:15:00	
1255	28.08.2022 01:30:00	0
1256	28.08.2022 01:45:00	
1257	28.08.2022 02:00:00	0
1258	28.08.2022 02:15:00	
1259	28.08.2022 02:30:00	0
1260	28.08.2022 02:45:00	
1261	28.08.2022 03:00:00	0
1262	28.08.2022 03:15:00	
1263	28.08.2022 03:30:00	0
1264	28.08.2022 03:45:00	
1265	28.08.2022 04:00:00	0
1266	28.08.2022 04:15:00	
1267	28.08.2022 04:30:00	0
1268	28.08.2022 04:45:00	
1269	28.08.2022 05:00:00	0
1270	28.08.2022 05:15:00	
1271	28.08.2022 05:30:00	0
1272	28.08.2022 05:45:00	
1273	28.08.2022 06:00:00	0
1274	28.08.2022 06:15:00	
1275	28.08.2022 06:30:00	0
1276	28.08.2022 06:45:00	
1277	28.08.2022 07:00:00	2 108
1278	28.08.2022 07:15:00	
1279	28.08.2022 07:30:00	2 816
1280	28.08.2022 07:45:00	
1281	28.08.2022 08:00:00	8 984
1282	28.08.2022 08:15:00	
1283	28.08.2022 08:30:00	10 258
1284	28.08.2022 08:45:00	
1285	28.08.2022 09:00:00	19 886
1286	28.08.2022 09:15:00	
1287	28.08.2022 09:30:00	21 530
1288	28.08.2022 09:45:00	
1289	28.08.2022 10:00:00	30 394
1290	28.08.2022 10:15:00	
1291	28.08.2022 10:30:00	31 653
1292	28.08.2022 10:45:00	
1293	28.08.2022 11:00:00	37 875
1294	28.08.2022 11:15:00	
1295	28.08.2022 11:30:00	38 594
1296	28.08.2022 11:45:00	
1297	28.08.2022 12:00:00	41 873
1298	28.08.2022 12:15:00	
1299	28.08.2022 12:30:00	42 252
1300	28.08.2022 12:45:00	
1301	28.08.2022 13:00:00	42 484
1302	28.08.2022 13:15:00	
1303	28.08.2022 13:30:00	42 238
1304	28.08.2022 13:45:00	
1305	28.08.2022 14:00:00	41 899
1306	28.08.2022 14:15:00	
1307	28.08.2022 14:30:00	41 780
1308	28.08.2022 14:45:00	
1309	28.08.2022 15:00:00	37 970
1310	28.08.2022 15:15:00	
1311	28.08.2022 15:30:00	36 861
1312	28.08.2022 15:45:00	
1313	28.08.2022 16:00:00	29 448
1314	28.08.2022 16:15:00	
1315	28.08.2022 16:30:00	27 809
1316	28.08.2022 16:45:00	
1317	28.08.2022 17:00:00	18 585
1318	28.08.2022 17:15:00	
1319	28.08.2022 17:30:00	17 214
1320	28.08.2022 17:45:00	
1321	28.08.2022 18:00:00	7 927
1322	28.08.2022 18:15:00	
1323	28.08.2022 18:30:00	6 386
1324	28.08.2022 18:45:00	
1325	28.08.2022 19:00:00	1 377
1326	28.08.2022 19:15:00	
1327	28.08.2022 19:30:00	930
1328	28.08.2022 19:45:00	
1329	28.08.2022 20:00:00	0
1330	28.08.2022 20:15:00	
1331	28.08.2022 20:30:00	0
1332	28.08.2022 20:45:00	
1333	28.08.2022 21:00:00	0
1334	28.08.2022 21:15:00	
1335	28.08.2022 21:30:00	0
1336	28.08.2022 21:45:00	
1337	28.08.2022 22:00:00	0
1338	28.08.2022 22:15:00	
1339	28.08.2022 22:30:00	0
1340	28.08.2022 22:45:00	
1341	28.08.2022 23:00:00	0
1342	28.08.2022 23:15:00	
1343	28.08.2022 23:30:00	0
1344	28.08.2022 23:45:00	
1345	29.08.2022 00:00:00	0
1346	29.08.2022 00:15:00	
1347	29.08.2022 00:30:00	0
1348	29.08.2022 00:45:00	
1349	29.08.2022 01:00:00	0
1350	29.08.2022 01:15:00	
1351	29.08.2022 01:30:00	0
1352	29.08.2022 01:45:00	
1353	29.08.2022 02:00:00	0
1354	29.08.2022 02:15:00	
1355	29.08.2022 02:30:00	0
1356	29.08.2022 02:45:00	
1357	29.08.2022 03:00:00	0
1358	29.08.2022 03:15:00	
1359	29.08.2022 03:30:00	0
1360	29.08.2022 03:45:00	
1361	29.08.2022 04:00:00	0
1362	29.08.2022 04:15:00	
1363	29.08.2022 04:30:00	0
1364	29.08.2022 04:45:00	
1365	29.08.2022 05:00:00	0
1366	29.08.2022 05:15:00	
1367	29.08.2022 05:30:00	0
1368	29.08.2022 05:45:00	
1369	29.08.2022 06:00:00	0
1370	29.08.2022 06:15:00	
1371	29.08.2022 06:30:00	0
1372	29.08.2022 06:45:00	
1373	29.08.2022 07:00:00	918
1374	29.08.2022 07:15:00	
1375	29.08.2022 07:30:00	1 157
1376	29.08.2022 07:45:00	
1377	29.08.2022 08:00:00	4 929
1378	29.08.2022 08:15:00	
1379	29.08.2022 08:30:00	5 111
1380	29.08.2022 08:45:00	
1381	29.08.2022 09:00:00	12 530
1382	29.08.2022 09:15:00	
1383	29.08.2022 09:30:00	13 542
1384	29.08.2022 09:45:00	
1385	29.08.2022 10:00:00	21 947
1386	29.08.2022 10:15:00	
1387	29.08.2022 10:30:00	23 051
1388	29.08.2022 10:45:00	
1389	29.08.2022 11:00:00	23 838
1390	29.08.2022 11:15:00	
1391	29.08.2022 11:30:00	23 076
1392	29.08.2022 11:45:00	
1393	29.08.2022 12:00:00	23 441
1394	29.08.2022 12:15:00	
1395	29.08.2022 12:30:00	24 469
1396	29.08.2022 12:45:00	
1397	29.08.2022 13:00:00	22 533
1398	29.08.2022 13:15:00	
1399	29.08.2022 13:30:00	24 246
1400	29.08.2022 13:45:00	
1401	29.08.2022 14:00:00	22 811
1402	29.08.2022 14:15:00	
1403	29.08.2022 14:30:00	23 659
1404	29.08.2022 14:45:00	
1405	29.08.2022 15:00:00	23 692
1406	29.08.2022 15:15:00	
1407	29.08.2022 15:30:00	22 228
1408	29.08.2022 15:45:00	
1409	29.08.2022 16:00:00	17 560
1410	29.08.2022 16:15:00	
1411	29.08.2022 16:30:00	16 780
1412	29.08.2022 16:45:00	
1413	29.08.2022 17:00:00	10 245
1414	29.08.2022 17:15:00	
1415	29.08.2022 17:30:00	10 427
1416	29.08.2022 17:45:00	
1417	29.08.2022 18:00:00	6 104
1418	29.08.2022 18:15:00	
1419	29.08.2022 18:30:00	5 540
1420	29.08.2022 18:45:00	
1421	29.08.2022 19:00:00	1 428
1422	29.08.2022 19:15:00	
1423	29.08.2022 19:30:00	863
1424	29.08.2022 19:45:00	
1425	29.08.2022 20:00:00	0
1426	29.08.2022 20:15:00	
1427	29.08.2022 20:30:00	0
1428	29.08.2022 20:45:00	
1429	29.08.2022 21:00:00	0
1430	29.08.2022 21:15:00	
1431	29.08.2022 21:30:00	0
1432	29.08.2022 21:45:00	
1433	29.08.2022 22:00:00	0
1434	29.08.2022 22:15:00	
1435	29.08.2022 22:30:00	0
1436	29.08.2022 22:45:00	
1437	29.08.2022 23:00:00	0
1438	29.08.2022 23:15:00	
1439	29.08.2022 23:30:00	0
1440	29.08.2022 23:45:00	
1441	30.08.2022 00:00:00	0
1442	30.08.2022 00:15:00	
1443	30.08.2022 00:30:00	0
1444	30.08.2022 00:45:00	
1445	30.08.2022 01:00:00	0
1446	30.08.2022 01:15:00	
1447	30.08.2022 01:30:00	0
1448	30.08.2022 01:45:00	
1449	30.08.2022 02:00:00	0
1450	30.08.2022 02:15:00	
1451	30.08.2022 02:30:00	0
1452	30.08.2022 02:45:00	
1453	30.08.2022 03:00:00	0
1454	30.08.2022 03:15:00	
1455	30.08.2022 03:30:00	0
1456	30.08.2022 03:45:00	
1457	30.08.2022 04:00:00	0
1458	30.08.2022 04:15:00	
1459	30.08.2022 04:30:00	0
1460	30.08.2022 04:45:00	
1461	30.08.2022 05:00:00	0
1462	30.08.2022 05:15:00	
1463	30.08.2022 05:30:00	0
1464	30.08.2022 05:45:00	
1465	30.08.2022 06:00:00	0
1466	30.08.2022 06:15:00	
1467	30.08.2022 06:30:00	0
1468	30.08.2022 06:45:00	
1469	30.08.2022 07:00:00	527
1470	30.08.2022 07:15:00	
1471	30.08.2022 07:30:00	850
1472	30.08.2022 07:45:00	
1473	30.08.2022 08:00:00	2 880
1474	30.08.2022 08:15:00	
1475	30.08.2022 08:30:00	3 538
1476	30.08.2022 08:45:00	
1477	30.08.2022 09:00:00	6 170
1478	30.08.2022 09:15:00	
1479	30.08.2022 09:30:00	6 977
1480	30.08.2022 09:45:00	
1481	30.08.2022 10:00:00	10 640
1482	30.08.2022 10:15:00	
1483	30.08.2022 10:30:00	11 184
1484	30.08.2022 10:45:00	
1485	30.08.2022 11:00:00	14 193
1486	30.08.2022 11:15:00	
1487	30.08.2022 11:30:00	15 213
1488	30.08.2022 11:45:00	
1489	30.08.2022 12:00:00	17 122
1490	30.08.2022 12:15:00	
1491	30.08.2022 12:30:00	17 759
1492	30.08.2022 12:45:00	
1493	30.08.2022 13:00:00	19 934
1494	30.08.2022 13:15:00	
1495	30.08.2022 13:30:00	20 822
1496	30.08.2022 13:45:00	
1497	30.08.2022 14:00:00	20 618
1498	30.08.2022 14:15:00	
1499	30.08.2022 14:30:00	20 571
1500	30.08.2022 14:45:00	
1501	30.08.2022 15:00:00	19 476
1502	30.08.2022 15:15:00	
1503	30.08.2022 15:30:00	18 741
1504	30.08.2022 15:45:00	
1505	30.08.2022 16:00:00	17 067
1506	30.08.2022 16:15:00	
1507	30.08.2022 16:30:00	16 009
1508	30.08.2022 16:45:00	
1509	30.08.2022 17:00:00	11 348
1510	30.08.2022 17:15:00	
1511	30.08.2022 17:30:00	10 279
1512	30.08.2022 17:45:00	
1513	30.08.2022 18:00:00	6 372
1514	30.08.2022 18:15:00	
1515	30.08.2022 18:30:00	4 987
1516	30.08.2022 18:45:00	
1517	30.08.2022 19:00:00	1 471
1518	30.08.2022 19:15:00	
1519	30.08.2022 19:30:00	817
1520	30.08.2022 19:45:00	
1521	30.08.2022 20:00:00	0
1522	30.08.2022 20:15:00	
1523	30.08.2022 20:30:00	0
1524	30.08.2022 20:45:00	
1525	30.08.2022 21:00:00	0
1526	30.08.2022 21:15:00	
1527	30.08.2022 21:30:00	0
1528	30.08.2022 21:45:00	
1529	30.08.2022 22:00:00	0
1530	30.08.2022 22:15:00	
1531	30.08.2022 22:30:00	0
1532	30.08.2022 22:45:00	
1533	30.08.2022 23:00:00	0
1534	30.08.2022 23:15:00	
1535	30.08.2022 23:30:00	0
1536	30.08.2022 23:45:00	
1537	31.08.2022 00:00:00	0
1538	31.08.2022 00:15:00	
1539	31.08.2022 00:30:00	0
1540	31.08.2022 00:45:00	
1541	31.08.2022 01:00:00	0
1542	31.08.2022 01:15:00	
1543	31.08.2022 01:30:00	0
1544	31.08.2022 01:45:00	
1545	31.08.2022 02:00:00	0
1546	31.08.2022 02:15:00	
1547	31.08.2022 02:30:00	0
1548	31.08.2022 02:45:00	
1549	31.08.2022 03:00:00	0
1550	31.08.2022 03:15:00	
1551	31.08.2022 03:30:00	0
1552	31.08.2022 03:45:00	
1553	31.08.2022 04:00:00	0
1554	31.08.2022 04:15:00	
1555	31.08.2022 04:30:00	0
1556	31.08.2022 04:45:00	
1557	31.08.2022 05:00:00	0
1558	31.08.2022 05:15:00	
1559	31.08.2022 05:30:00	0
1560	31.08.2022 05:45:00	
1561	31.08.2022 06:00:00	0
1562	31.08.2022 06:15:00	
1563	31.08.2022 06:30:00	0
1564	31.08.2022 06:45:00	
1565	31.08.2022 07:00:00	1 648
1566	31.08.2022 07:15:00	
1567	31.08.2022 07:30:00	2 193
1568	31.08.2022 07:45:00	
1569	31.08.2022 08:00:00	7 707
1570	31.08.2022 08:15:00	
1571	31.08.2022 08:30:00	9 032
1572	31.08.2022 08:45:00	
1573	31.08.2022 09:00:00	17 843
1574	31.08.2022 09:15:00	
1575	31.08.2022 09:30:00	19 072
1576	31.08.2022 09:45:00	
1577	31.08.2022 10:00:00	24 795
1578	31.08.2022 10:15:00	
1579	31.08.2022 10:30:00	24 788
1580	31.08.2022 10:45:00	
1581	31.08.2022 11:00:00	23 273
1582	31.08.2022 11:15:00	
1583	31.08.2022 11:30:00	23 646
1584	31.08.2022 11:45:00	
1585	31.08.2022 12:00:00	24 116
1586	31.08.2022 12:15:00	
1587	31.08.2022 12:30:00	24 563
1588	31.08.2022 12:45:00	
1589	31.08.2022 13:00:00	27 537
1590	31.08.2022 13:15:00	
1591	31.08.2022 13:30:00	28 011
1592	31.08.2022 13:45:00	
1593	31.08.2022 14:00:00	27 306
1594	31.08.2022 14:15:00	
1595	31.08.2022 14:30:00	27 687
1596	31.08.2022 14:45:00	
1597	31.08.2022 15:00:00	25 005
1598	31.08.2022 15:15:00	
1599	31.08.2022 15:30:00	24 466
1600	31.08.2022 15:45:00	
1601	31.08.2022 16:00:00	17 518
1602	31.08.2022 16:15:00	
1603	31.08.2022 16:30:00	16 499
1604	31.08.2022 16:45:00	
1605	31.08.2022 17:00:00	11 384
1606	31.08.2022 17:15:00	
1607	31.08.2022 17:30:00	10 199
1608	31.08.2022 17:45:00	
1609	31.08.2022 18:00:00	4 404
1610	31.08.2022 18:15:00	
1611	31.08.2022 18:30:00	3 243
1612	31.08.2022 18:45:00	
1613	31.08.2022 19:00:00	449
1614	31.08.2022 19:15:00	
1615	31.08.2022 19:30:00	102
1616	31.08.2022 19:45:00	
1617	31.08.2022 20:00:00	0
1618	31.08.2022 20:15:00	
1619	31.08.2022 20:30:00	0
1620	31.08.2022 20:45:00	
1621	31.08.2022 21:00:00	0
1622	31.08.2022 21:15:00	
1623	31.08.2022 21:30:00	0
1624	31.08.2022 21:45:00	
1625	31.08.2022 22:00:00	0
1626	31.08.2022 22:15:00	
1627	31.08.2022 22:30:00	0
1628	31.08.2022 22:45:00	
1629	31.08.2022 23:00:00	0
1630	31.08.2022 23:15:00	
1631	31.08.2022 23:30:00	0
1632	31.08.2022 23:45:00	
1633	01.09.2022 00:00:00	0
1634	01.09.2022 00:15:00	
1635	01.09.2022 00:30:00	0
1636	01.09.2022 00:45:00	
1637	01.09.2022 01:00:00	0
1638	01.09.2022 01:15:00	
1639	01.09.2022 01:30:00	0
1640	01.09.2022 01:45:00	
1641	01.09.2022 02:00:00	0
1642	01.09.2022 02:15:00	
1643	01.09.2022 02:30:00	0
1644	01.09.2022 02:45:00	
1645	01.09.2022 03:00:00	0
1646	01.09.2022 03:15:00	
1647	01.09.2022 03:30:00	0
1648	01.09.2022 03:45:00	
1649	01.09.2022 04:00:00	0
1650	01.09.2022 04:15:00	
1651	01.09.2022 04:30:00	0
1652	01.09.2022 04:45:00	
1653	01.09.2022 05:00:00	0
1654	01.09.2022 05:15:00	
1655	01.09.2022 05:30:00	0
1656	01.09.2022 05:45:00	
1657	01.09.2022 06:00:00	0
1658	01.09.2022 06:15:00	
1659	01.09.2022 06:30:00	0
1660	01.09.2022 06:45:00	
1661	01.09.2022 07:00:00	7
1662	01.09.2022 07:15:00	
1663	01.09.2022 07:30:00	125
1664	01.09.2022 07:45:00	
1665	01.09.2022 08:00:00	1 081
1666	01.09.2022 08:15:00	
1667	01.09.2022 08:30:00	1 628
1668	01.09.2022 08:45:00	
1669	01.09.2022 09:00:00	3 936
1670	01.09.2022 09:15:00	
1671	01.09.2022 09:30:00	4 405
1672	01.09.2022 09:45:00	
1673	01.09.2022 10:00:00	6 242
1674	01.09.2022 10:15:00	
1675	01.09.2022 10:30:00	6 978
1676	01.09.2022 10:45:00	
1677	01.09.2022 11:00:00	9 049
1678	01.09.2022 11:15:00	
1679	01.09.2022 11:30:00	9 847
1680	01.09.2022 11:45:00	
1681	01.09.2022 12:00:00	10 285
1682	01.09.2022 12:15:00	
1683	01.09.2022 12:30:00	9 755
1684	01.09.2022 12:45:00	
1685	01.09.2022 13:00:00	9 838
1686	01.09.2022 13:15:00	
1687	01.09.2022 13:30:00	9 311
1688	01.09.2022 13:45:00	
1689	01.09.2022 14:00:00	10 756
1690	01.09.2022 14:15:00	
1691	01.09.2022 14:30:00	10 899
1692	01.09.2022 14:45:00	
1693	01.09.2022 15:00:00	10 219
1694	01.09.2022 15:15:00	
1695	01.09.2022 15:30:00	10 018
1696	01.09.2022 15:45:00	
1697	01.09.2022 16:00:00	8 661
1698	01.09.2022 16:15:00	
1699	01.09.2022 16:30:00	8 277
1700	01.09.2022 16:45:00	
1701	01.09.2022 17:00:00	6 451
1702	01.09.2022 17:15:00	
1703	01.09.2022 17:30:00	5 785
1704	01.09.2022 17:45:00	
1705	01.09.2022 18:00:00	2 924
1706	01.09.2022 18:15:00	
1707	01.09.2022 18:30:00	2 505
1708	01.09.2022 18:45:00	
1709	01.09.2022 19:00:00	497
1710	01.09.2022 19:15:00	
1711	01.09.2022 19:30:00	85
1712	01.09.2022 19:45:00	
1713	01.09.2022 20:00:00	0
1714	01.09.2022 20:15:00	
1715	01.09.2022 20:30:00	0
1716	01.09.2022 20:45:00	
1717	01.09.2022 21:00:00	0
1718	01.09.2022 21:15:00	
1719	01.09.2022 21:30:00	0
1720	01.09.2022 21:45:00	
1721	01.09.2022 22:00:00	0
1722	01.09.2022 22:15:00	
1723	01.09.2022 22:30:00	0
1724	01.09.2022 22:45:00	
1725	01.09.2022 23:00:00	0
1726	01.09.2022 23:15:00	
1727	01.09.2022 23:30:00	0
1728	01.09.2022 23:45:00	
1729	02.09.2022 00:00:00	0
1730	02.09.2022 00:15:00	
1731	02.09.2022 00:30:00	0
1732	02.09.2022 00:45:00	
1733	02.09.2022 01:00:00	0
1734	02.09.2022 01:15:00	
1735	02.09.2022 01:30:00	0
1736	02.09.2022 01:45:00	
1737	02.09.2022 02:00:00	0
1738	02.09.2022 02:15:00	
1739	02.09.2022 02:30:00	0
1740	02.09.2022 02:45:00	
1741	02.09.2022 03:00:00	0
1742	02.09.2022 03:15:00	
1743	02.09.2022 03:30:00	0
1744	02.09.2022 03:45:00	
1745	02.09.2022 04:00:00	0
1746	02.09.2022 04:15:00	
1747	02.09.2022 04:30:00	0
1748	02.09.2022 04:45:00	
1749	02.09.2022 05:00:00	0
1750	02.09.2022 05:15:00	
1751	02.09.2022 05:30:00	0
1752	02.09.2022 05:45:00	
1753	02.09.2022 06:00:00	0
1754	02.09.2022 06:15:00	
1755	02.09.2022 06:30:00	0
1756	02.09.2022 06:45:00	
1757	02.09.2022 07:00:00	433
1758	02.09.2022 07:15:00	
1759	02.09.2022 07:30:00	663
1760	02.09.2022 07:45:00	
1761	02.09.2022 08:00:00	3 089
1762	02.09.2022 08:15:00	
1763	02.09.2022 08:30:00	3 603
1764	02.09.2022 08:45:00	
1765	02.09.2022 09:00:00	6 017
1766	02.09.2022 09:15:00	
1767	02.09.2022 09:30:00	6 437
1768	02.09.2022 09:45:00	
1769	02.09.2022 10:00:00	8 404
1770	02.09.2022 10:15:00	
1771	02.09.2022 10:30:00	8 671
1772	02.09.2022 10:45:00	
1773	02.09.2022 11:00:00	9 639
1774	02.09.2022 11:15:00	
1775	02.09.2022 11:30:00	9 705
1776	02.09.2022 11:45:00	
1777	02.09.2022 12:00:00	10 218
1778	02.09.2022 12:15:00	
1779	02.09.2022 12:30:00	10 373
1780	02.09.2022 12:45:00	
1781	02.09.2022 13:00:00	9 101
1782	02.09.2022 13:15:00	
1783	02.09.2022 13:30:00	8 981
1784	02.09.2022 13:45:00	
1785	02.09.2022 14:00:00	6 625
1786	02.09.2022 14:15:00	
1787	02.09.2022 14:30:00	6 146
1788	02.09.2022 14:45:00	
1789	02.09.2022 15:00:00	4 123
1790	02.09.2022 15:15:00	
1791	02.09.2022 15:30:00	3 535
1792	02.09.2022 15:45:00	
1793	02.09.2022 16:00:00	2 700
1794	02.09.2022 16:15:00	
1795	02.09.2022 16:30:00	2 498
1796	02.09.2022 16:45:00	
1797	02.09.2022 17:00:00	1 719
1798	02.09.2022 17:15:00	
1799	02.09.2022 17:30:00	1 651
1800	02.09.2022 17:45:00	
1801	02.09.2022 18:00:00	551
1802	02.09.2022 18:15:00	
1803	02.09.2022 18:30:00	422
1804	02.09.2022 18:45:00	
1805	02.09.2022 19:00:00	0
1806	02.09.2022 19:15:00	
1807	02.09.2022 19:30:00	0
1808	02.09.2022 19:45:00	
1809	02.09.2022 20:00:00	0
1810	02.09.2022 20:15:00	
1811	02.09.2022 20:30:00	0
1812	02.09.2022 20:45:00	
1813	02.09.2022 21:00:00	0
1814	02.09.2022 21:15:00	
1815	02.09.2022 21:30:00	0
1816	02.09.2022 21:45:00	
1817	02.09.2022 22:00:00	0
1818	02.09.2022 22:15:00	
1819	02.09.2022 22:30:00	0
1820	02.09.2022 22:45:00	
1821	02.09.2022 23:00:00	0
1822	02.09.2022 23:15:00	
1823	02.09.2022 23:30:00	0
1824	02.09.2022 23:45:00	
1825	03.09.2022 00:00:00	0
1826	03.09.2022 00:15:00	
1827	03.09.2022 00:30:00	0
1828	03.09.2022 00:45:00	
1829	03.09.2022 01:00:00	0
1830	03.09.2022 01:15:00	
1831	03.09.2022 01:30:00	0
1832	03.09.2022 01:45:00	
1833	03.09.2022 02:00:00	0
1834	03.09.2022 02:15:00	
1835	03.09.2022 02:30:00	0
1836	03.09.2022 02:45:00	
1837	03.09.2022 03:00:00	0
1838	03.09.2022 03:15:00	
1839	03.09.2022 03:30:00	0
1840	03.09.2022 03:45:00	
1841	03.09.2022 04:00:00	0
1842	03.09.2022 04:15:00	
1843	03.09.2022 04:30:00	0
1844	03.09.2022 04:45:00	
1845	03.09.2022 05:00:00	0
1846	03.09.2022 05:15:00	
1847	03.09.2022 05:30:00	0
1848	03.09.2022 05:45:00	
1849	03.09.2022 06:00:00	0
1850	03.09.2022 06:15:00	
1851	03.09.2022 06:30:00	0
1852	03.09.2022 06:45:00	
1853	03.09.2022 07:00:00	0
1854	03.09.2022 07:15:00	
1855	03.09.2022 07:30:00	0
1856	03.09.2022 07:45:00	
1857	03.09.2022 08:00:00	796
1858	03.09.2022 08:15:00	
1859	03.09.2022 08:30:00	968
1860	03.09.2022 08:45:00	
1861	03.09.2022 09:00:00	1 711
1862	03.09.2022 09:15:00	
1863	03.09.2022 09:30:00	1 958
1864	03.09.2022 09:45:00	
1865	03.09.2022 10:00:00	3 296
1866	03.09.2022 10:15:00	
1867	03.09.2022 10:30:00	3 505
1868	03.09.2022 10:45:00	
1869	03.09.2022 11:00:00	4 528
1870	03.09.2022 11:15:00	
1871	03.09.2022 11:30:00	4 454
1872	03.09.2022 11:45:00	
1873	03.09.2022 12:00:00	6 026
1874	03.09.2022 12:15:00	
1875	03.09.2022 12:30:00	6 157
1876	03.09.2022 12:45:00	
1877	03.09.2022 13:00:00	8 093
1878	03.09.2022 13:15:00	
1879	03.09.2022 13:30:00	8 077
1880	03.09.2022 13:45:00	
1881	03.09.2022 14:00:00	7 131
1882	03.09.2022 14:15:00	
1883	03.09.2022 14:30:00	6 796
1884	03.09.2022 14:45:00	
1885	03.09.2022 15:00:00	5 566
1886	03.09.2022 15:15:00	
1887	03.09.2022 15:30:00	5 413
1888	03.09.2022 15:45:00	
1889	03.09.2022 16:00:00	4 247
1890	03.09.2022 16:15:00	
1891	03.09.2022 16:30:00	4 043
1892	03.09.2022 16:45:00	
1893	03.09.2022 17:00:00	2 579
1894	03.09.2022 17:15:00	
1895	03.09.2022 17:30:00	2 410
1896	03.09.2022 17:45:00	
1897	03.09.2022 18:00:00	799
1898	03.09.2022 18:15:00	
1899	03.09.2022 18:30:00	653
1900	03.09.2022 18:45:00	
1901	03.09.2022 19:00:00	0
1902	03.09.2022 19:15:00	
1903	03.09.2022 19:30:00	0
1904	03.09.2022 19:45:00	
1905	03.09.2022 20:00:00	0
1906	03.09.2022 20:15:00	
1907	03.09.2022 20:30:00	0
1908	03.09.2022 20:45:00	
1909	03.09.2022 21:00:00	0
1910	03.09.2022 21:15:00	
1911	03.09.2022 21:30:00	0
1912	03.09.2022 21:45:00	
1913	03.09.2022 22:00:00	0
1914	03.09.2022 22:15:00	
1915	03.09.2022 22:30:00	0
1916	03.09.2022 22:45:00	
1917	03.09.2022 23:00:00	0
1918	03.09.2022 23:15:00	
1919	03.09.2022 23:30:00	0
1920	03.09.2022 23:45:00	
1921	04.09.2022 00:00:00	0
1922	04.09.2022 00:15:00	
1923	04.09.2022 00:30:00	0
1924	04.09.2022 00:45:00	
1925	04.09.2022 01:00:00	0
1926	04.09.2022 01:15:00	
1927	04.09.2022 01:30:00	0
1928	04.09.2022 01:45:00	
1929	04.09.2022 02:00:00	0
1930	04.09.2022 02:15:00	
1931	04.09.2022 02:30:00	0
1932	04.09.2022 02:45:00	
1933	04.09.2022 03:00:00	0
1934	04.09.2022 03:15:00	
1935	04.09.2022 03:30:00	0
1936	04.09.2022 03:45:00	
1937	04.09.2022 04:00:00	0
1938	04.09.2022 04:15:00	
1939	04.09.2022 04:30:00	0
1940	04.09.2022 04:45:00	
1941	04.09.2022 05:00:00	0
1942	04.09.2022 05:15:00	
1943	04.09.2022 05:30:00	0
1944	04.09.2022 05:45:00	
1945	04.09.2022 06:00:00	0
1946	04.09.2022 06:15:00	
1947	04.09.2022 06:30:00	0
1948	04.09.2022 06:45:00	
1949	04.09.2022 07:00:00	637
1950	04.09.2022 07:15:00	
1951	04.09.2022 07:30:00	967
1952	04.09.2022 07:45:00	
1953	04.09.2022 08:00:00	3 686
1954	04.09.2022 08:15:00	
1955	04.09.2022 08:30:00	4 223
1956	04.09.2022 08:45:00	
1957	04.09.2022 09:00:00	7 955
1958	04.09.2022 09:15:00	
1959	04.09.2022 09:30:00	8 760
1960	04.09.2022 09:45:00	
1961	04.09.2022 10:00:00	13 667
1962	04.09.2022 10:15:00	
1963	04.09.2022 10:30:00	14 786
1964	04.09.2022 10:45:00	
1965	04.09.2022 11:00:00	18 691
1966	04.09.2022 11:15:00	
1967	04.09.2022 11:30:00	19 523
1968	04.09.2022 11:45:00	
1969	04.09.2022 12:00:00	20 608
1970	04.09.2022 12:15:00	
1971	04.09.2022 12:30:00	20 085
1972	04.09.2022 12:45:00	
1973	04.09.2022 13:00:00	16 621
1974	04.09.2022 13:15:00	
1975	04.09.2022 13:30:00	16 858
1976	04.09.2022 13:45:00	
1977	04.09.2022 14:00:00	16 086
1978	04.09.2022 14:15:00	
1979	04.09.2022 14:30:00	15 769
1980	04.09.2022 14:45:00	
1981	04.09.2022 15:00:00	14 024
1982	04.09.2022 15:15:00	
1983	04.09.2022 15:30:00	13 141
1984	04.09.2022 15:45:00	
1985	04.09.2022 16:00:00	11 393
1986	04.09.2022 16:15:00	
1987	04.09.2022 16:30:00	10 473
1988	04.09.2022 16:45:00	
1989	04.09.2022 17:00:00	7 063
1990	04.09.2022 17:15:00	
1991	04.09.2022 17:30:00	6 673
1992	04.09.2022 17:45:00	
1993	04.09.2022 18:00:00	3 407
1994	04.09.2022 18:15:00	
1995	04.09.2022 18:30:00	2 783
1996	04.09.2022 18:45:00	
1997	04.09.2022 19:00:00	236
1998	04.09.2022 19:15:00	
1999	04.09.2022 19:30:00	0
2000	04.09.2022 19:45:00	
2001	04.09.2022 20:00:00	0
2002	04.09.2022 20:15:00	
2003	04.09.2022 20:30:00	0
2004	04.09.2022 20:45:00	
2005	04.09.2022 21:00:00	0
2006	04.09.2022 21:15:00	
2007	04.09.2022 21:30:00	0
2008	04.09.2022 21:45:00	
2009	04.09.2022 22:00:00	0
2010	04.09.2022 22:15:00	
2011	04.09.2022 22:30:00	0
2012	04.09.2022 22:45:00	
2013	04.09.2022 23:00:00	0
2014	04.09.2022 23:15:00	
2015	04.09.2022 23:30:00	0
2016	04.09.2022 23:45:00	
2017	05.09.2022 00:00:00	0
2018	05.09.2022 00:15:00	
2019	05.09.2022 00:30:00	0
2020	05.09.2022 00:45:00	
2021	05.09.2022 01:00:00	0
2022	05.09.2022 01:15:00	
2023	05.09.2022 01:30:00	0
2024	05.09.2022 01:45:00	
2025	05.09.2022 02:00:00	0
2026	05.09.2022 02:15:00	
2027	05.09.2022 02:30:00	0
2028	05.09.2022 02:45:00	
2029	05.09.2022 03:00:00	0
2030	05.09.2022 03:15:00	
2031	05.09.2022 03:30:00	0
2032	05.09.2022 03:45:00	
2033	05.09.2022 04:00:00	0
2034	05.09.2022 04:15:00	
2035	05.09.2022 04:30:00	0
2036	05.09.2022 04:45:00	
2037	05.09.2022 05:00:00	0
2038	05.09.2022 05:15:00	
2039	05.09.2022 05:30:00	0
2040	05.09.2022 05:45:00	
2041	05.09.2022 06:00:00	0
2042	05.09.2022 06:15:00	
2043	05.09.2022 06:30:00	0
2044	05.09.2022 06:45:00	
2045	05.09.2022 07:00:00	1 357
2046	05.09.2022 07:15:00	
2047	05.09.2022 07:30:00	1 999
2048	05.09.2022 07:45:00	
2049	05.09.2022 08:00:00	8 045
2050	05.09.2022 08:15:00	
2051	05.09.2022 08:30:00	9 427
2052	05.09.2022 08:45:00	
2053	05.09.2022 09:00:00	19 913
2054	05.09.2022 09:15:00	
2055	05.09.2022 09:30:00	21 628
2056	05.09.2022 09:45:00	
2057	05.09.2022 10:00:00	30 869
2058	05.09.2022 10:15:00	
2059	05.09.2022 10:30:00	32 265
2060	05.09.2022 10:45:00	
2061	05.09.2022 11:00:00	38 085
2062	05.09.2022 11:15:00	
2063	05.09.2022 11:30:00	38 695
2064	05.09.2022 11:45:00	
2065	05.09.2022 12:00:00	37 106
2066	05.09.2022 12:15:00	
2067	05.09.2022 12:30:00	36 763
2068	05.09.2022 12:45:00	
2069	05.09.2022 13:00:00	36 056
2070	05.09.2022 13:15:00	
2071	05.09.2022 13:30:00	36 188
2072	05.09.2022 13:45:00	
2073	05.09.2022 14:00:00	38 412
2074	05.09.2022 14:15:00	
2075	05.09.2022 14:30:00	38 382
2076	05.09.2022 14:45:00	
2077	05.09.2022 15:00:00	37 409
2078	05.09.2022 15:15:00	
2079	05.09.2022 15:30:00	36 990
2080	05.09.2022 15:45:00	
2081	05.09.2022 16:00:00	30 229
2082	05.09.2022 16:15:00	
2083	05.09.2022 16:30:00	28 662
2084	05.09.2022 16:45:00	
2085	05.09.2022 17:00:00	19 880
2086	05.09.2022 17:15:00	
2087	05.09.2022 17:30:00	18 206
2088	05.09.2022 17:45:00	
2089	05.09.2022 18:00:00	8 409
2090	05.09.2022 18:15:00	
2091	05.09.2022 18:30:00	7 233
2092	05.09.2022 18:45:00	
2093	05.09.2022 19:00:00	980
2094	05.09.2022 19:15:00	
2095	05.09.2022 19:30:00	486
2096	05.09.2022 19:45:00	
2097	05.09.2022 20:00:00	0
2098	05.09.2022 20:15:00	
2099	05.09.2022 20:30:00	0
2100	05.09.2022 20:45:00	
2101	05.09.2022 21:00:00	0
2102	05.09.2022 21:15:00	
2103	05.09.2022 21:30:00	0
2104	05.09.2022 21:45:00	
2105	05.09.2022 22:00:00	0
2106	05.09.2022 22:15:00	
2107	05.09.2022 22:30:00	0
2108	05.09.2022 22:45:00	
2109	05.09.2022 23:00:00	0
2110	05.09.2022 23:15:00	
2111	05.09.2022 23:30:00	0
2112	05.09.2022 23:45:00	
2113	06.09.2022 00:00:00	0
2114	06.09.2022 00:15:00	
2115	06.09.2022 00:30:00	0
2116	06.09.2022 00:45:00	
2117	06.09.2022 01:00:00	0
2118	06.09.2022 01:15:00	
2119	06.09.2022 01:30:00	0
2120	06.09.2022 01:45:00	
2121	06.09.2022 02:00:00	0
2122	06.09.2022 02:15:00	
2123	06.09.2022 02:30:00	0
2124	06.09.2022 02:45:00	
2125	06.09.2022 03:00:00	0
2126	06.09.2022 03:15:00	
2127	06.09.2022 03:30:00	0
2128	06.09.2022 03:45:00	
2129	06.09.2022 04:00:00	0
2130	06.09.2022 04:15:00	
2131	06.09.2022 04:30:00	0
2132	06.09.2022 04:45:00	
2133	06.09.2022 05:00:00	0
2134	06.09.2022 05:15:00	
2135	06.09.2022 05:30:00	0
2136	06.09.2022 05:45:00	
2137	06.09.2022 06:00:00	0
2138	06.09.2022 06:15:00	
2139	06.09.2022 06:30:00	0
2140	06.09.2022 06:45:00	
2141	06.09.2022 07:00:00	1 387
2142	06.09.2022 07:15:00	
2143	06.09.2022 07:30:00	1 976
2144	06.09.2022 07:45:00	
2145	06.09.2022 08:00:00	7 304
2146	06.09.2022 08:15:00	
2147	06.09.2022 08:30:00	8 837
2148	06.09.2022 08:45:00	
2149	06.09.2022 09:00:00	18 029
2150	06.09.2022 09:15:00	
2151	06.09.2022 09:30:00	19 755
2152	06.09.2022 09:45:00	
2153	06.09.2022 10:00:00	27 982
2154	06.09.2022 10:15:00	
2155	06.09.2022 10:30:00	29 223
2156	06.09.2022 10:45:00	
2157	06.09.2022 11:00:00	32 910
2158	06.09.2022 11:15:00	
2159	06.09.2022 11:30:00	33 194
2160	06.09.2022 11:45:00	
2161	06.09.2022 12:00:00	32 311
2162	06.09.2022 12:15:00	
2163	06.09.2022 12:30:00	32 629
2164	06.09.2022 12:45:00	
2165	06.09.2022 13:00:00	36 905
2166	06.09.2022 13:15:00	
2167	06.09.2022 13:30:00	37 011
2168	06.09.2022 13:45:00	
2169	06.09.2022 14:00:00	37 415
2170	06.09.2022 14:15:00	
2171	06.09.2022 14:30:00	37 270
2172	06.09.2022 14:45:00	
2173	06.09.2022 15:00:00	34 305
2174	06.09.2022 15:15:00	
2175	06.09.2022 15:30:00	33 826
2176	06.09.2022 15:45:00	
2177	06.09.2022 16:00:00	28 838
2178	06.09.2022 16:15:00	
2179	06.09.2022 16:30:00	27 737
2180	06.09.2022 16:45:00	
2181	06.09.2022 17:00:00	19 395
2182	06.09.2022 17:15:00	
2183	06.09.2022 17:30:00	17 673
2184	06.09.2022 17:45:00	
2185	06.09.2022 18:00:00	7 911
2186	06.09.2022 18:15:00	
2187	06.09.2022 18:30:00	6 212
2188	06.09.2022 18:45:00	
2189	06.09.2022 19:00:00	649
2190	06.09.2022 19:15:00	
2191	06.09.2022 19:30:00	304
2192	06.09.2022 19:45:00	
2193	06.09.2022 20:00:00	0
2194	06.09.2022 20:15:00	
2195	06.09.2022 20:30:00	0
2196	06.09.2022 20:45:00	
2197	06.09.2022 21:00:00	0
2198	06.09.2022 21:15:00	
2199	06.09.2022 21:30:00	0
2200	06.09.2022 21:45:00	
2201	06.09.2022 22:00:00	0
2202	06.09.2022 22:15:00	
2203	06.09.2022 22:30:00	0
2204	06.09.2022 22:45:00	
2205	06.09.2022 23:00:00	0
2206	06.09.2022 23:15:00	
2207	06.09.2022 23:30:00	0
2208	06.09.2022 23:45:00	
2209	07.09.2022 00:00:00	0
2210	07.09.2022 00:15:00	
2211	07.09.2022 00:30:00	0
2212	07.09.2022 00:45:00	
2213	07.09.2022 01:00:00	0
2214	07.09.2022 01:15:00	
2215	07.09.2022 01:30:00	0
2216	07.09.2022 01:45:00	
2217	07.09.2022 02:00:00	0
2218	07.09.2022 02:15:00	
2219	07.09.2022 02:30:00	0
2220	07.09.2022 02:45:00	
2221	07.09.2022 03:00:00	0
2222	07.09.2022 03:15:00	
2223	07.09.2022 03:30:00	0
2224	07.09.2022 03:45:00	
2225	07.09.2022 04:00:00	0
2226	07.09.2022 04:15:00	
2227	07.09.2022 04:30:00	0
2228	07.09.2022 04:45:00	
2229	07.09.2022 05:00:00	0
2230	07.09.2022 05:15:00	
2231	07.09.2022 05:30:00	0
2232	07.09.2022 05:45:00	
2233	07.09.2022 06:00:00	0
2234	07.09.2022 06:15:00	
2235	07.09.2022 06:30:00	0
2236	07.09.2022 06:45:00	
2237	07.09.2022 07:00:00	703
2238	07.09.2022 07:15:00	
2239	07.09.2022 07:30:00	1 165
2240	07.09.2022 07:45:00	
2241	07.09.2022 08:00:00	4 183
2242	07.09.2022 08:15:00	
2243	07.09.2022 08:30:00	5 233
2244	07.09.2022 08:45:00	
2245	07.09.2022 09:00:00	10 033
2246	07.09.2022 09:15:00	
2247	07.09.2022 09:30:00	11 366
2248	07.09.2022 09:45:00	
2249	07.09.2022 10:00:00	17 619
2250	07.09.2022 10:15:00	
2251	07.09.2022 10:30:00	18 376
2252	07.09.2022 10:45:00	
2253	07.09.2022 11:00:00	26 851
2254	07.09.2022 11:15:00	
2255	07.09.2022 11:30:00	27 300
2256	07.09.2022 11:45:00	
2257	07.09.2022 12:00:00	30 642
2258	07.09.2022 12:15:00	
2259	07.09.2022 12:30:00	31 845
2260	07.09.2022 12:45:00	
2261	07.09.2022 13:00:00	32 463
2262	07.09.2022 13:15:00	
2263	07.09.2022 13:30:00	32 290
2264	07.09.2022 13:45:00	
2265	07.09.2022 14:00:00	33 237
2266	07.09.2022 14:15:00	
2267	07.09.2022 14:30:00	34 139
2268	07.09.2022 14:45:00	
2269	07.09.2022 15:00:00	34 780
2270	07.09.2022 15:15:00	
2271	07.09.2022 15:30:00	34 908
2272	07.09.2022 15:45:00	
2273	07.09.2022 16:00:00	27 748
2274	07.09.2022 16:15:00	
2275	07.09.2022 16:30:00	26 079
2276	07.09.2022 16:45:00	
2277	07.09.2022 17:00:00	14 504
2278	07.09.2022 17:15:00	
2279	07.09.2022 17:30:00	12 677
2280	07.09.2022 17:45:00	
2281	07.09.2022 18:00:00	4 929
2282	07.09.2022 18:15:00	
2283	07.09.2022 18:30:00	3 927
2284	07.09.2022 18:45:00	
2285	07.09.2022 19:00:00	343
2286	07.09.2022 19:15:00	
2287	07.09.2022 19:30:00	157
2288	07.09.2022 19:45:00	
2289	07.09.2022 20:00:00	0
2290	07.09.2022 20:15:00	
2291	07.09.2022 20:30:00	0
2292	07.09.2022 20:45:00	
2293	07.09.2022 21:00:00	0
2294	07.09.2022 21:15:00	
2295	07.09.2022 21:30:00	0
2296	07.09.2022 21:45:00	
2297	07.09.2022 22:00:00	0
2298	07.09.2022 22:15:00	
2299	07.09.2022 22:30:00	0
2300	07.09.2022 22:45:00	
2301	07.09.2022 23:00:00	0
2302	07.09.2022 23:15:00	
2303	07.09.2022 23:30:00	0
2304	07.09.2022 23:45:00	
2305	08.09.2022 00:00:00	0
2306	08.09.2022 00:15:00	
2307	08.09.2022 00:30:00	0
2308	08.09.2022 00:45:00	
2309	08.09.2022 01:00:00	0
2310	08.09.2022 01:15:00	
2311	08.09.2022 01:30:00	0
2312	08.09.2022 01:45:00	
2313	08.09.2022 02:00:00	0
2314	08.09.2022 02:15:00	
2315	08.09.2022 02:30:00	0
2316	08.09.2022 02:45:00	
2317	08.09.2022 03:00:00	0
2318	08.09.2022 03:15:00	
2319	08.09.2022 03:30:00	0
2320	08.09.2022 03:45:00	
2321	08.09.2022 04:00:00	0
2322	08.09.2022 04:15:00	
2323	08.09.2022 04:30:00	0
2324	08.09.2022 04:45:00	
2325	08.09.2022 05:00:00	0
2326	08.09.2022 05:15:00	
2327	08.09.2022 05:30:00	0
2328	08.09.2022 05:45:00	
2329	08.09.2022 06:00:00	0
2330	08.09.2022 06:15:00	
2331	08.09.2022 06:30:00	0
2332	08.09.2022 06:45:00	
2333	08.09.2022 07:00:00	905
2334	08.09.2022 07:15:00	
2335	08.09.2022 07:30:00	1 361
2336	08.09.2022 07:45:00	
2337	08.09.2022 08:00:00	4 614
2338	08.09.2022 08:15:00	
2339	08.09.2022 08:30:00	4 959
2340	08.09.2022 08:45:00	
2341	08.09.2022 09:00:00	9 719
2342	08.09.2022 09:15:00	
2343	08.09.2022 09:30:00	10 852
2344	08.09.2022 09:45:00	
2345	08.09.2022 10:00:00	16 503
2346	08.09.2022 10:15:00	
2347	08.09.2022 10:30:00	17 930
2348	08.09.2022 10:45:00	
2349	08.09.2022 11:00:00	25 335
2350	08.09.2022 11:15:00	
2351	08.09.2022 11:30:00	25 390
2352	08.09.2022 11:45:00	
2353	08.09.2022 12:00:00	35 060
2354	08.09.2022 12:15:00	
2355	08.09.2022 12:30:00	36 261
2356	08.09.2022 12:45:00	
2357	08.09.2022 13:00:00	37 451
2358	08.09.2022 13:15:00	
2359	08.09.2022 13:30:00	37 721
2360	08.09.2022 13:45:00	
2361	08.09.2022 14:00:00	34 181
2362	08.09.2022 14:15:00	
2363	08.09.2022 14:30:00	33 878
2364	08.09.2022 14:45:00	
2365	08.09.2022 15:00:00	26 801
2366	08.09.2022 15:15:00	
2367	08.09.2022 15:30:00	23 840
2368	08.09.2022 15:45:00	
2369	08.09.2022 16:00:00	14 573
2370	08.09.2022 16:15:00	
2371	08.09.2022 16:30:00	14 373
2372	08.09.2022 16:45:00	
2373	08.09.2022 17:00:00	7 215
2374	08.09.2022 17:15:00	
2375	08.09.2022 17:30:00	6 152
2376	08.09.2022 17:45:00	
2377	08.09.2022 18:00:00	2 708
2378	08.09.2022 18:15:00	
2379	08.09.2022 18:30:00	2 436
2380	08.09.2022 18:45:00	
2381	08.09.2022 19:00:00	0
2382	08.09.2022 19:15:00	
2383	08.09.2022 19:30:00	0
2384	08.09.2022 19:45:00	
2385	08.09.2022 20:00:00	0
2386	08.09.2022 20:15:00	
2387	08.09.2022 20:30:00	0
2388	08.09.2022 20:45:00	
2389	08.09.2022 21:00:00	0
2390	08.09.2022 21:15:00	
2391	08.09.2022 21:30:00	0
2392	08.09.2022 21:45:00	
2393	08.09.2022 22:00:00	0
2394	08.09.2022 22:15:00	
2395	08.09.2022 22:30:00	0
2396	08.09.2022 22:45:00	
2397	08.09.2022 23:00:00	0
2398	08.09.2022 23:15:00	
2399	08.09.2022 23:30:00	0
2400	08.09.2022 23:45:00	
2401	09.09.2022 00:00:00	0
2402	09.09.2022 00:15:00	
2403	09.09.2022 00:30:00	0
2404	09.09.2022 00:45:00	
2405	09.09.2022 01:00:00	0
2406	09.09.2022 01:15:00	
2407	09.09.2022 01:30:00	0
2408	09.09.2022 01:45:00	
2409	09.09.2022 02:00:00	0
2410	09.09.2022 02:15:00	
2411	09.09.2022 02:30:00	0
2412	09.09.2022 02:45:00	
2413	09.09.2022 03:00:00	0
2414	09.09.2022 03:15:00	
2415	09.09.2022 03:30:00	0
2416	09.09.2022 03:45:00	
2417	09.09.2022 04:00:00	0
2418	09.09.2022 04:15:00	
2419	09.09.2022 04:30:00	0
2420	09.09.2022 04:45:00	
2421	09.09.2022 05:00:00	0
2422	09.09.2022 05:15:00	
2423	09.09.2022 05:30:00	0
2424	09.09.2022 05:45:00	
2425	09.09.2022 06:00:00	0
2426	09.09.2022 06:15:00	
2427	09.09.2022 06:30:00	0
2428	09.09.2022 06:45:00	
2429	09.09.2022 07:00:00	0
2430	09.09.2022 07:15:00	
2431	09.09.2022 07:30:00	139
2432	09.09.2022 07:45:00	
2433	09.09.2022 08:00:00	1 389
2434	09.09.2022 08:15:00	
2435	09.09.2022 08:30:00	1 822
2436	09.09.2022 08:45:00	
2437	09.09.2022 09:00:00	3 863
2438	09.09.2022 09:15:00	
2439	09.09.2022 09:30:00	3 877
2440	09.09.2022 09:45:00	
2441	09.09.2022 10:00:00	6 962
2442	09.09.2022 10:15:00	
2443	09.09.2022 10:30:00	7 808
2444	09.09.2022 10:45:00	
2445	09.09.2022 11:00:00	14 336
2446	09.09.2022 11:15:00	
2447	09.09.2022 11:30:00	14 638
2448	09.09.2022 11:45:00	
2449	09.09.2022 12:00:00	22 325
2450	09.09.2022 12:15:00	
2451	09.09.2022 12:30:00	23 766
2452	09.09.2022 12:45:00	
2453	09.09.2022 13:00:00	29 673
2454	09.09.2022 13:15:00	
2455	09.09.2022 13:30:00	28 644
2456	09.09.2022 13:45:00	
2457	09.09.2022 14:00:00	23 280
2458	09.09.2022 14:15:00	
2459	09.09.2022 14:30:00	23 038
2460	09.09.2022 14:45:00	
2461	09.09.2022 15:00:00	20 415
2462	09.09.2022 15:15:00	
2463	09.09.2022 15:30:00	19 410
2464	09.09.2022 15:45:00	
2465	09.09.2022 16:00:00	11 136
2466	09.09.2022 16:15:00	
2467	09.09.2022 16:30:00	10 313
2468	09.09.2022 16:45:00	
2469	09.09.2022 17:00:00	4 114
2470	09.09.2022 17:15:00	
2471	09.09.2022 17:30:00	3 886
2472	09.09.2022 17:45:00	
2473	09.09.2022 18:00:00	1 422
2474	09.09.2022 18:15:00	
2475	09.09.2022 18:30:00	1 212
2476	09.09.2022 18:45:00	
2477	09.09.2022 19:00:00	0
2478	09.09.2022 19:15:00	
2479	09.09.2022 19:30:00	0
2480	09.09.2022 19:45:00	
2481	09.09.2022 20:00:00	0
2482	09.09.2022 20:15:00	
2483	09.09.2022 20:30:00	0
2484	09.09.2022 20:45:00	
2485	09.09.2022 21:00:00	0
2486	09.09.2022 21:15:00	
2487	09.09.2022 21:30:00	0
2488	09.09.2022 21:45:00	
2489	09.09.2022 22:00:00	0
2490	09.09.2022 22:15:00	
2491	09.09.2022 22:30:00	0
2492	09.09.2022 22:45:00	
2493	09.09.2022 23:00:00	0
2494	09.09.2022 23:15:00	
2495	09.09.2022 23:30:00	0
2496	09.09.2022 23:45:00	
2497	10.09.2022 00:00:00	0
2498	10.09.2022 00:15:00	
2499	10.09.2022 00:30:00	0
2500	10.09.2022 00:45:00	
2501	10.09.2022 01:00:00	0
2502	10.09.2022 01:15:00	
2503	10.09.2022 01:30:00	0
2504	10.09.2022 01:45:00	
2505	10.09.2022 02:00:00	0
2506	10.09.2022 02:15:00	
2507	10.09.2022 02:30:00	0
2508	10.09.2022 02:45:00	
2509	10.09.2022 03:00:00	0
2510	10.09.2022 03:15:00	
2511	10.09.2022 03:30:00	0
2512	10.09.2022 03:45:00	
2513	10.09.2022 04:00:00	0
2514	10.09.2022 04:15:00	
2515	10.09.2022 04:30:00	0
2516	10.09.2022 04:45:00	
2517	10.09.2022 05:00:00	0
2518	10.09.2022 05:15:00	
2519	10.09.2022 05:30:00	0
2520	10.09.2022 05:45:00	
2521	10.09.2022 06:00:00	0
2522	10.09.2022 06:15:00	
2523	10.09.2022 06:30:00	0
2524	10.09.2022 06:45:00	
2525	10.09.2022 07:00:00	0
2526	10.09.2022 07:15:00	
2527	10.09.2022 07:30:00	0
2528	10.09.2022 07:45:00	
2529	10.09.2022 08:00:00	347
2530	10.09.2022 08:15:00	
2531	10.09.2022 08:30:00	382
2532	10.09.2022 08:45:00	
2533	10.09.2022 09:00:00	1 142
2534	10.09.2022 09:15:00	
2535	10.09.2022 09:30:00	1 234
2536	10.09.2022 09:45:00	
2537	10.09.2022 10:00:00	1 900
2538	10.09.2022 10:15:00	
2539	10.09.2022 10:30:00	1 947
2540	10.09.2022 10:45:00	
2541	10.09.2022 11:00:00	3 413
2542	10.09.2022 11:15:00	
2543	10.09.2022 11:30:00	3 526
2544	10.09.2022 11:45:00	
2545	10.09.2022 12:00:00	3 825
2546	10.09.2022 12:15:00	
2547	10.09.2022 12:30:00	3 722
2548	10.09.2022 12:45:00	
2549	10.09.2022 13:00:00	5 239
2550	10.09.2022 13:15:00	
2551	10.09.2022 13:30:00	5 300
2552	10.09.2022 13:45:00	
2553	10.09.2022 14:00:00	7 326
2554	10.09.2022 14:15:00	
2555	10.09.2022 14:30:00	7 391
2556	10.09.2022 14:45:00	
2557	10.09.2022 15:00:00	7 299
2558	10.09.2022 15:15:00	
2559	10.09.2022 15:30:00	7 034
2560	10.09.2022 15:45:00	
2561	10.09.2022 16:00:00	7 263
2562	10.09.2022 16:15:00	
2563	10.09.2022 16:30:00	7 106
2564	10.09.2022 16:45:00	
2565	10.09.2022 17:00:00	3 279
2566	10.09.2022 17:15:00	
2567	10.09.2022 17:30:00	3 326
2568	10.09.2022 17:45:00	
2569	10.09.2022 18:00:00	1 432
2570	10.09.2022 18:15:00	
2571	10.09.2022 18:30:00	1 141
2572	10.09.2022 18:45:00	
2573	10.09.2022 19:00:00	182
2574	10.09.2022 19:15:00	
2575	10.09.2022 19:30:00	0
2576	10.09.2022 19:45:00	
2577	10.09.2022 20:00:00	0
2578	10.09.2022 20:15:00	
2579	10.09.2022 20:30:00	0
2580	10.09.2022 20:45:00	
2581	10.09.2022 21:00:00	0
2582	10.09.2022 21:15:00	
2583	10.09.2022 21:30:00	0
2584	10.09.2022 21:45:00	
2585	10.09.2022 22:00:00	0
2586	10.09.2022 22:15:00	
2587	10.09.2022 22:30:00	0
2588	10.09.2022 22:45:00	
2589	10.09.2022 23:00:00	0
2590	10.09.2022 23:15:00	
2591	10.09.2022 23:30:00	0
2592	10.09.2022 23:45:00	
2593	11.09.2022 00:00:00	0
2594	11.09.2022 00:15:00	
2595	11.09.2022 00:30:00	0
2596	11.09.2022 00:45:00	
2597	11.09.2022 01:00:00	0
2598	11.09.2022 01:15:00	
2599	11.09.2022 01:30:00	0
2600	11.09.2022 01:45:00	
2601	11.09.2022 02:00:00	0
2602	11.09.2022 02:15:00	
2603	11.09.2022 02:30:00	0
2604	11.09.2022 02:45:00	
2605	11.09.2022 03:00:00	0
2606	11.09.2022 03:15:00	
2607	11.09.2022 03:30:00	0
2608	11.09.2022 03:45:00	
2609	11.09.2022 04:00:00	0
2610	11.09.2022 04:15:00	
2611	11.09.2022 04:30:00	0
2612	11.09.2022 04:45:00	
2613	11.09.2022 05:00:00	0
2614	11.09.2022 05:15:00	
2615	11.09.2022 05:30:00	0
2616	11.09.2022 05:45:00	
2617	11.09.2022 06:00:00	0
2618	11.09.2022 06:15:00	
2619	11.09.2022 06:30:00	0
2620	11.09.2022 06:45:00	
2621	11.09.2022 07:00:00	1 148
2622	11.09.2022 07:15:00	
2623	11.09.2022 07:30:00	1 452
2624	11.09.2022 07:45:00	
2625	11.09.2022 08:00:00	5 857
2626	11.09.2022 08:15:00	
2627	11.09.2022 08:30:00	6 554
2628	11.09.2022 08:45:00	
2629	11.09.2022 09:00:00	12 989
2630	11.09.2022 09:15:00	
2631	11.09.2022 09:30:00	14 603
2632	11.09.2022 09:45:00	
2633	11.09.2022 10:00:00	22 551
2634	11.09.2022 10:15:00	
2635	11.09.2022 10:30:00	23 813
2636	11.09.2022 10:45:00	
2637	11.09.2022 11:00:00	28 395
2638	11.09.2022 11:15:00	
2639	11.09.2022 11:30:00	26 898
2640	11.09.2022 11:45:00	
2641	11.09.2022 12:00:00	22 021
2642	11.09.2022 12:15:00	
2643	11.09.2022 12:30:00	22 043
2644	11.09.2022 12:45:00	
2645	11.09.2022 13:00:00	24 031
2646	11.09.2022 13:15:00	
2647	11.09.2022 13:30:00	24 088
2648	11.09.2022 13:45:00	
2649	11.09.2022 14:00:00	25 697
2650	11.09.2022 14:15:00	
2651	11.09.2022 14:30:00	26 614
2652	11.09.2022 14:45:00	
2653	11.09.2022 15:00:00	24 834
2654	11.09.2022 15:15:00	
2655	11.09.2022 15:30:00	24 086
2656	11.09.2022 15:45:00	
2657	11.09.2022 16:00:00	19 462
2658	11.09.2022 16:15:00	
2659	11.09.2022 16:30:00	17 128
2660	11.09.2022 16:45:00	
2661	11.09.2022 17:00:00	8 751
2662	11.09.2022 17:15:00	
2663	11.09.2022 17:30:00	8 930
2664	11.09.2022 17:45:00	
2665	11.09.2022 18:00:00	3 504
2666	11.09.2022 18:15:00	
2667	11.09.2022 18:30:00	2 830
2668	11.09.2022 18:45:00	
2669	11.09.2022 19:00:00	41
2670	11.09.2022 19:15:00	
2671	11.09.2022 19:30:00	0
2672	11.09.2022 19:45:00	
2673	11.09.2022 20:00:00	0
2674	11.09.2022 20:15:00	
2675	11.09.2022 20:30:00	0
2676	11.09.2022 20:45:00	
2677	11.09.2022 21:00:00	0
2678	11.09.2022 21:15:00	
2679	11.09.2022 21:30:00	0
2680	11.09.2022 21:45:00	
2681	11.09.2022 22:00:00	0
2682	11.09.2022 22:15:00	
2683	11.09.2022 22:30:00	0
2684	11.09.2022 22:45:00	
2685	11.09.2022 23:00:00	0
2686	11.09.2022 23:15:00	
2687	11.09.2022 23:30:00	0
2688	11.09.2022 23:45:00	
2689	12.09.2022 00:00:00	0
2690	12.09.2022 00:15:00	
2691	12.09.2022 00:30:00	0
2692	12.09.2022 00:45:00	
2693	12.09.2022 01:00:00	0
2694	12.09.2022 01:15:00	
2695	12.09.2022 01:30:00	0
2696	12.09.2022 01:45:00	
2697	12.09.2022 02:00:00	0
2698	12.09.2022 02:15:00	
2699	12.09.2022 02:30:00	0
2700	12.09.2022 02:45:00	
2701	12.09.2022 03:00:00	0
2702	12.09.2022 03:15:00	
2703	12.09.2022 03:30:00	0
2704	12.09.2022 03:45:00	
2705	12.09.2022 04:00:00	0
2706	12.09.2022 04:15:00	
2707	12.09.2022 04:30:00	0
2708	12.09.2022 04:45:00	
2709	12.09.2022 05:00:00	0
2710	12.09.2022 05:15:00	
2711	12.09.2022 05:30:00	0
2712	12.09.2022 05:45:00	
2713	12.09.2022 06:00:00	0
2714	12.09.2022 06:15:00	
2715	12.09.2022 06:30:00	0
2716	12.09.2022 06:45:00	
2717	12.09.2022 07:00:00	0
2718	12.09.2022 07:15:00	
2719	12.09.2022 07:30:00	0
2720	12.09.2022 07:45:00	
2721	12.09.2022 08:00:00	669
2722	12.09.2022 08:15:00	
2723	12.09.2022 08:30:00	847
2724	12.09.2022 08:45:00	
2725	12.09.2022 09:00:00	2 157
2726	12.09.2022 09:15:00	
2727	12.09.2022 09:30:00	2 288
2728	12.09.2022 09:45:00	
2729	12.09.2022 10:00:00	3 473
2730	12.09.2022 10:15:00	
2731	12.09.2022 10:30:00	3 492
2732	12.09.2022 10:45:00	
2733	12.09.2022 11:00:00	4 653
2734	12.09.2022 11:15:00	
2735	12.09.2022 11:30:00	4 958
2736	12.09.2022 11:45:00	
2737	12.09.2022 12:00:00	7 457
2738	12.09.2022 12:15:00	
2739	12.09.2022 12:30:00	7 563
2740	12.09.2022 12:45:00	
2741	12.09.2022 13:00:00	6 129
2742	12.09.2022 13:15:00	
2743	12.09.2022 13:30:00	6 309
2744	12.09.2022 13:45:00	
2745	12.09.2022 14:00:00	4 770
2746	12.09.2022 14:15:00	
2747	12.09.2022 14:30:00	4 648
2748	12.09.2022 14:45:00	
2749	12.09.2022 15:00:00	4 043
2750	12.09.2022 15:15:00	
2751	12.09.2022 15:30:00	3 813
2752	12.09.2022 15:45:00	
2753	12.09.2022 16:00:00	3 257
2754	12.09.2022 16:15:00	
2755	12.09.2022 16:30:00	3 080
2756	12.09.2022 16:45:00	
2757	12.09.2022 17:00:00	1 990
2758	12.09.2022 17:15:00	
2759	12.09.2022 17:30:00	1 803
2760	12.09.2022 17:45:00	
2761	12.09.2022 18:00:00	305
2762	12.09.2022 18:15:00	
2763	12.09.2022 18:30:00	276
2764	12.09.2022 18:45:00	
2765	12.09.2022 19:00:00	0
2766	12.09.2022 19:15:00	
2767	12.09.2022 19:30:00	0
2768	12.09.2022 19:45:00	
2769	12.09.2022 20:00:00	0
2770	12.09.2022 20:15:00	
2771	12.09.2022 20:30:00	0
2772	12.09.2022 20:45:00	
2773	12.09.2022 21:00:00	0
2774	12.09.2022 21:15:00	
2775	12.09.2022 21:30:00	0
2776	12.09.2022 21:45:00	
2777	12.09.2022 22:00:00	0
2778	12.09.2022 22:15:00	
2779	12.09.2022 22:30:00	0
2780	12.09.2022 22:45:00	
2781	12.09.2022 23:00:00	0
2782	12.09.2022 23:15:00	
2783	12.09.2022 23:30:00	0
2784	12.09.2022 23:45:00	
2785	13.09.2022 00:00:00	0
2786	13.09.2022 00:15:00	
2787	13.09.2022 00:30:00	0
2788	13.09.2022 00:45:00	
2789	13.09.2022 01:00:00	0
2790	13.09.2022 01:15:00	
2791	13.09.2022 01:30:00	0
2792	13.09.2022 01:45:00	
2793	13.09.2022 02:00:00	0
2794	13.09.2022 02:15:00	
2795	13.09.2022 02:30:00	0
2796	13.09.2022 02:45:00	
2797	13.09.2022 03:00:00	0
2798	13.09.2022 03:15:00	
2799	13.09.2022 03:30:00	0
2800	13.09.2022 03:45:00	
2801	13.09.2022 04:00:00	0
2802	13.09.2022 04:15:00	
2803	13.09.2022 04:30:00	0
2804	13.09.2022 04:45:00	
2805	13.09.2022 05:00:00	0
2806	13.09.2022 05:15:00	
2807	13.09.2022 05:30:00	0
2808	13.09.2022 05:45:00	
2809	13.09.2022 06:00:00	0
2810	13.09.2022 06:15:00	
2811	13.09.2022 06:30:00	0
2812	13.09.2022 06:45:00	
2813	13.09.2022 07:00:00	0
2814	13.09.2022 07:15:00	
2815	13.09.2022 07:30:00	0
2816	13.09.2022 07:45:00	
2817	13.09.2022 08:00:00	1 075
2818	13.09.2022 08:15:00	
2819	13.09.2022 08:30:00	1 271
2820	13.09.2022 08:45:00	
2821	13.09.2022 09:00:00	3 332
2822	13.09.2022 09:15:00	
2823	13.09.2022 09:30:00	3 904
2824	13.09.2022 09:45:00	
2825	13.09.2022 10:00:00	6 706
2826	13.09.2022 10:15:00	
2827	13.09.2022 10:30:00	7 947
2828	13.09.2022 10:45:00	
2829	13.09.2022 11:00:00	9 981
2830	13.09.2022 11:15:00	
2831	13.09.2022 11:30:00	10 048
2832	13.09.2022 11:45:00	
2833	13.09.2022 12:00:00	10 630
2834	13.09.2022 12:15:00	
2835	13.09.2022 12:30:00	11 552
2836	13.09.2022 12:45:00	
2837	13.09.2022 13:00:00	14 203
2838	13.09.2022 13:15:00	
2839	13.09.2022 13:30:00	14 359
2840	13.09.2022 13:45:00	
2841	13.09.2022 14:00:00	19 732
2842	13.09.2022 14:15:00	
2843	13.09.2022 14:30:00	21 496
2844	13.09.2022 14:45:00	
2845	13.09.2022 15:00:00	23 198
2846	13.09.2022 15:15:00	
2847	13.09.2022 15:30:00	23 314
2848	13.09.2022 15:45:00	
2849	13.09.2022 16:00:00	21 632
2850	13.09.2022 16:15:00	
2851	13.09.2022 16:30:00	20 450
2852	13.09.2022 16:45:00	
2853	13.09.2022 17:00:00	15 587
2854	13.09.2022 17:15:00	
2855	13.09.2022 17:30:00	13 579
2856	13.09.2022 17:45:00	
2857	13.09.2022 18:00:00	4 880
2858	13.09.2022 18:15:00	
2859	13.09.2022 18:30:00	3 989
2860	13.09.2022 18:45:00	
2861	13.09.2022 19:00:00	59
2862	13.09.2022 19:15:00	
2863	13.09.2022 19:30:00	0
2864	13.09.2022 19:45:00	
2865	13.09.2022 20:00:00	0
2866	13.09.2022 20:15:00	
2867	13.09.2022 20:30:00	0
2868	13.09.2022 20:45:00	
2869	13.09.2022 21:00:00	0
2870	13.09.2022 21:15:00	
2871	13.09.2022 21:30:00	0
2872	13.09.2022 21:45:00	
2873	13.09.2022 22:00:00	0
2874	13.09.2022 22:15:00	
2875	13.09.2022 22:30:00	0
2876	13.09.2022 22:45:00	
2877	13.09.2022 23:00:00	0
2878	13.09.2022 23:15:00	
2879	13.09.2022 23:30:00	0
2880	13.09.2022 23:45:00	
2881	14.09.2022 00:00:00	0
2882	14.09.2022 00:15:00	
2883	14.09.2022 00:30:00	0
2884	14.09.2022 00:45:00	
2885	14.09.2022 01:00:00	0
2886	14.09.2022 01:15:00	
2887	14.09.2022 01:30:00	0
2888	14.09.2022 01:45:00	
2889	14.09.2022 02:00:00	0
2890	14.09.2022 02:15:00	
2891	14.09.2022 02:30:00	0
2892	14.09.2022 02:45:00	
2893	14.09.2022 03:00:00	0
2894	14.09.2022 03:15:00	
2895	14.09.2022 03:30:00	0
2896	14.09.2022 03:45:00	
2897	14.09.2022 04:00:00	0
2898	14.09.2022 04:15:00	
2899	14.09.2022 04:30:00	0
2900	14.09.2022 04:45:00	
2901	14.09.2022 05:00:00	0
2902	14.09.2022 05:15:00	
2903	14.09.2022 05:30:00	0
2904	14.09.2022 05:45:00	
2905	14.09.2022 06:00:00	0
2906	14.09.2022 06:15:00	
2907	14.09.2022 06:30:00	0
2908	14.09.2022 06:45:00	
2909	14.09.2022 07:00:00	761
2910	14.09.2022 07:15:00	
2911	14.09.2022 07:30:00	1 048
2912	14.09.2022 07:45:00	
2913	14.09.2022 08:00:00	4 776
2914	14.09.2022 08:15:00	
2915	14.09.2022 08:30:00	5 652
2916	14.09.2022 08:45:00	
2917	14.09.2022 09:00:00	12 331
2918	14.09.2022 09:15:00	
2919	14.09.2022 09:30:00	12 853
2920	14.09.2022 09:45:00	
2921	14.09.2022 10:00:00	19 503
2922	14.09.2022 10:15:00	
2923	14.09.2022 10:30:00	21 049
2924	14.09.2022 10:45:00	
2925	14.09.2022 11:00:00	28 042
2926	14.09.2022 11:15:00	
2927	14.09.2022 11:30:00	29 332
2928	14.09.2022 11:45:00	
2929	14.09.2022 12:00:00	31 698
2930	14.09.2022 12:15:00	
2931	14.09.2022 12:30:00	31 610
2932	14.09.2022 12:45:00	
2933	14.09.2022 13:00:00	31 116
2934	14.09.2022 13:15:00	
2935	14.09.2022 13:30:00	30 150
2936	14.09.2022 13:45:00	
2937	14.09.2022 14:00:00	28 117
2938	14.09.2022 14:15:00	
2939	14.09.2022 14:30:00	27 300
2940	14.09.2022 14:45:00	
2941	14.09.2022 15:00:00	21 155
2942	14.09.2022 15:15:00	
2943	14.09.2022 15:30:00	20 107
2944	14.09.2022 15:45:00	
2945	14.09.2022 16:00:00	9 949
2946	14.09.2022 16:15:00	
2947	14.09.2022 16:30:00	8 949
2948	14.09.2022 16:45:00	
2949	14.09.2022 17:00:00	2 716
2950	14.09.2022 17:15:00	
2951	14.09.2022 17:30:00	2 282
2952	14.09.2022 17:45:00	
2953	14.09.2022 18:00:00	704
2954	14.09.2022 18:15:00	
2955	14.09.2022 18:30:00	407
2956	14.09.2022 18:45:00	
2957	14.09.2022 19:00:00	0
2958	14.09.2022 19:15:00	
2959	14.09.2022 19:30:00	0
2960	14.09.2022 19:45:00	
2961	14.09.2022 20:00:00	0
2962	14.09.2022 20:15:00	
2963	14.09.2022 20:30:00	0
2964	14.09.2022 20:45:00	
2965	14.09.2022 21:00:00	0
2966	14.09.2022 21:15:00	
2967	14.09.2022 21:30:00	0
2968	14.09.2022 21:45:00	
2969	14.09.2022 22:00:00	0
2970	14.09.2022 22:15:00	
2971	14.09.2022 22:30:00	0
2972	14.09.2022 22:45:00	
2973	14.09.2022 23:00:00	0
2974	14.09.2022 23:15:00	
2975	14.09.2022 23:30:00	0
2976	14.09.2022 23:45:00	
2977	15.09.2022 00:00:00	0
2978	15.09.2022 00:15:00	
2979	15.09.2022 00:30:00	0
2980	15.09.2022 00:45:00	
2981	15.09.2022 01:00:00	0
2982	15.09.2022 01:15:00	
2983	15.09.2022 01:30:00	0
2984	15.09.2022 01:45:00	
2985	15.09.2022 02:00:00	0
2986	15.09.2022 02:15:00	
2987	15.09.2022 02:30:00	0
2988	15.09.2022 02:45:00	
2989	15.09.2022 03:00:00	0
2990	15.09.2022 03:15:00	
2991	15.09.2022 03:30:00	0
2992	15.09.2022 03:45:00	
2993	15.09.2022 04:00:00	0
2994	15.09.2022 04:15:00	
2995	15.09.2022 04:30:00	0
2996	15.09.2022 04:45:00	
2997	15.09.2022 05:00:00	0
2998	15.09.2022 05:15:00	
2999	15.09.2022 05:30:00	0
3000	15.09.2022 05:45:00	
3001	15.09.2022 06:00:00	0
3002	15.09.2022 06:15:00	
3003	15.09.2022 06:30:00	0
3004	15.09.2022 06:45:00	
3005	15.09.2022 07:00:00	0
3006	15.09.2022 07:15:00	
3007	15.09.2022 07:30:00	0
3008	15.09.2022 07:45:00	
3009	15.09.2022 08:00:00	921
3010	15.09.2022 08:15:00	
3011	15.09.2022 08:30:00	1 660
3012	15.09.2022 08:45:00	
3013	15.09.2022 09:00:00	5 884
3014	15.09.2022 09:15:00	
3015	15.09.2022 09:30:00	6 272
3016	15.09.2022 09:45:00	
3017	15.09.2022 10:00:00	10 920
3018	15.09.2022 10:15:00	
3019	15.09.2022 10:30:00	11 094
3020	15.09.2022 10:45:00	
3021	15.09.2022 11:00:00	10 884
3022	15.09.2022 11:15:00	
3023	15.09.2022 11:30:00	10 695
3024	15.09.2022 11:45:00	
3025	15.09.2022 12:00:00	16 404
3026	15.09.2022 12:15:00	
3027	15.09.2022 12:30:00	17 467
3028	15.09.2022 12:45:00	
3029	15.09.2022 13:00:00	29 389
3030	15.09.2022 13:15:00	
3031	15.09.2022 13:30:00	30 960
3032	15.09.2022 13:45:00	
3033	15.09.2022 14:00:00	30 382
3034	15.09.2022 14:15:00	
3035	15.09.2022 14:30:00	30 909
3036	15.09.2022 14:45:00	
3037	15.09.2022 15:00:00	24 905
3038	15.09.2022 15:15:00	
3039	15.09.2022 15:30:00	23 805
3040	15.09.2022 15:45:00	
3041	15.09.2022 16:00:00	18 761
3042	15.09.2022 16:15:00	
3043	15.09.2022 16:30:00	18 055
3044	15.09.2022 16:45:00	
3045	15.09.2022 17:00:00	7 768
3046	15.09.2022 17:15:00	
3047	15.09.2022 17:30:00	6 170
3048	15.09.2022 17:45:00	
3049	15.09.2022 18:00:00	2 095
3050	15.09.2022 18:15:00	
3051	15.09.2022 18:30:00	1 552
3052	15.09.2022 18:45:00	
3053	15.09.2022 19:00:00	0
3054	15.09.2022 19:15:00	
3055	15.09.2022 19:30:00	0
3056	15.09.2022 19:45:00	
3057	15.09.2022 20:00:00	0
3058	15.09.2022 20:15:00	
3059	15.09.2022 20:30:00	0
3060	15.09.2022 20:45:00	
3061	15.09.2022 21:00:00	0
3062	15.09.2022 21:15:00	
3063	15.09.2022 21:30:00	0
3064	15.09.2022 21:45:00	
3065	15.09.2022 22:00:00	0
3066	15.09.2022 22:15:00	
3067	15.09.2022 22:30:00	0
3068	15.09.2022 22:45:00	
3069	15.09.2022 23:00:00	0
3070	15.09.2022 23:15:00	
3071	15.09.2022 23:30:00	0
3072	15.09.2022 23:45:00	
